"INST.ID","COURSE ID","COURSE TITLE","EFFECTIVE SINCE","FILE TYPE","LINK TO SYLLABUS"
"SA","ACC121","PRINCIPLES OF ACCOUNTING I","2001/09","Text/ASCII","https://njtransfer.org/artweb/artup/SA.ACC121.200109.syl.txt"
"SA","ACC122","PRINCIPLES OF ACCOUNTING II","2001/09","Text/ASCII","https://njtransfer.org/artweb/artup/SA.ACC122.200109.syl.txt"
"SA","ACC131","PRINCIPLES OF ACCOUNTING I","2019/09","PDF","https://njtransfer.org/artweb/artup/SA.ACC131.201909.syl.pdf"
"SA","ACC132","PRINCIPLES OF ACCOUNTING II","2019/09","PDF","https://njtransfer.org/artweb/artup/SA.ACC132.201909.syl.pdf"
"SA","ACC211","INTERMEDIATE ACCOUNTING I","2024/09","PDF","https://njtransfer.org/artweb/artup/SA.ACC211.202409.syl.pdf"
"SA","ACC212","INTERMEDIATE ACCOUNTING II","2024/09","PDF","https://njtransfer.org/artweb/artup/SA.ACC212.202409.syl.pdf"
"SA","ACC250","COMPUTERIZED ACCOUNTING WITH QUICKBOOKS","2014/02","MS Word","https://njtransfer.org/artweb/artup/SA.ACC250.201402.syl.docx"
"SA","AGR101","INTRODUCTION TO AGRICULTURAL SCIENCE","2021/02","PDF","https://njtransfer.org/artweb/artup/SA.AGR101.202102.syl.pdf"
"SA","AGR111","ANIMAL SCIENCE","2021/02","PDF","https://njtransfer.org/artweb/artup/SA.AGR111.202102.syl.pdf"
"SA","AGR121","PLANT SCIENCE","2024/09","PDF","https://njtransfer.org/artweb/artup/SA.AGR121.202409.syl.pdf"
"SA","ART101","ART APPRECIATION","2013/09","MS Word","https://njtransfer.org/artweb/artup/SA.ART101.201309.syl.doc"
"SA","ART104","DRAWING","2013/09","MS Word","https://njtransfer.org/artweb/artup/SA.ART104.201309.syl.doc"
"SA","ART105","PAINTING","2013/09","MS Word","https://njtransfer.org/artweb/artup/SA.ART105.201309.syl.doc"
"SA","ART112","INTRO TO FLAME WORKING","2001/09","Text/ASCII","https://njtransfer.org/artweb/artup/SA.ART112.200109.syl.txt"
"SA","ART115","TWO DIMENSIONAL DESIGN","2013/09","MS Word","https://njtransfer.org/artweb/artup/SA.ART115.201309.syl.doc"
"SA","ART116","THREE DIMENSIONAL DESIGN","2013/09","MS Word","https://njtransfer.org/artweb/artup/SA.ART116.201309.syl.doc"
"SA","ART117","INTERMEDIATE FLAMEWORKING","2001/09","Text/ASCII","https://njtransfer.org/artweb/artup/SA.ART117.200109.syl.txt"
"SA","ART119","COLOR THEORY","2013/09","MS Word","https://njtransfer.org/artweb/artup/SA.ART119.201309.syl.docx"
"SA","ART120","STUDIO GLASS ART I - COLD CONSTRUCTION","2001/09","Text/ASCII","https://njtransfer.org/artweb/artup/SA.ART120.200109.syl.txt"
"SA","ART122","STUDIO GLASS ART II - KILN CASTING","2001/09","Text/ASCII","https://njtransfer.org/artweb/artup/SA.ART122.200109.syl.txt"
"SA","ART130","FIGURE DRAWING","2013/09","MS Word","https://njtransfer.org/artweb/artup/SA.ART130.201309.syl.doc"
"SA","ART140","PRINTMAKING","2013/09","MS Word","https://njtransfer.org/artweb/artup/SA.ART140.201309.syl.docx"
"SA","ART205","BASIC DIGITAL PHOTOGRAPHY","2013/09","MS Word","https://njtransfer.org/artweb/artup/SA.ART205.201309.syl.doc"
"SA","ART212","GLASS ART WITH PAUL STANKARD","2001/09","Text/ASCII","https://njtransfer.org/artweb/artup/SA.ART212.200109.syl.txt"
"SA","ART215","EXPLORATIONS IN STUDIO ART","2013/09","MS Word","https://njtransfer.org/artweb/artup/SA.ART215.201309.syl.doc"
"SA","ART225","PORTFOLIO AND PROFESSIONAL PRACTICES","2013/09","MS Word","https://njtransfer.org/artweb/artup/SA.ART225.201309.syl.doc"
"SA","ART230","GLASS ART SEMINAR WITH PAUL STANKARD","2001/09","Text/ASCII","https://njtransfer.org/artweb/artup/SA.ART230.200109.syl.txt"
"SA","ART232","GLASS ART SEMINAR WITH PAUL STANKARD","2001/09","Text/ASCII","https://njtransfer.org/artweb/artup/SA.ART232.200109.syl.txt"
"SA","BIO101","GENERAL BIOLOGY I","2001/09","PDF","https://njtransfer.org/artweb/artup/SA.BIO101.200109.syl.pdf"
"SA","BIO102","GENERAL BIOLOGY II","2013/09","Text/ASCII","https://njtransfer.org/artweb/artup/SA.BIO102.201309.syl.bak"
"SA","BIO102","GENERAL BIOLOGY II","2013/09","PDF","https://njtransfer.org/artweb/artup/SA.BIO102.201309.syl.pdf"
"SA","BIO103","ENVIRONMENTAL SCIENCE I","2001/09","Text/ASCII","https://njtransfer.org/artweb/artup/SA.BIO103.200109.syl.txt"
"SA","BIO104","ENVIRONMENTAL SCIENCE II","2013/09","MS Word","https://njtransfer.org/artweb/artup/SA.BIO104.201309.syl.doc"
"SA","BIO121","FOUNDATIONS OF BIOLOGY","2019/09","PDF","https://njtransfer.org/artweb/artup/SA.BIO121.201909.syl.pdf"
"SA","BIO122","CONNECTIONS IN BIOLOGY","2019/09","PDF","https://njtransfer.org/artweb/artup/SA.BIO122.201909.syl.pdf"
"SA","BIO130","CRIME SCENE INVESTIGATIONS I","2001/09","Text/ASCII","https://njtransfer.org/artweb/artup/SA.BIO130.200109.syl.txt"
"SA","BIO140","FORENSIC SCIENCE","2001/09","Text/ASCII","https://njtransfer.org/artweb/artup/SA.BIO140.200109.syl.txt"
"SA","BIO141","FORENSIC SCIENCE II","2001/09","Text/ASCII","https://njtransfer.org/artweb/artup/SA.BIO141.200109.syl.txt"
"SA","BIO145","FORENSIC PATHOLOGY","2001/09","Text/ASCII","https://njtransfer.org/artweb/artup/SA.BIO145.200109.syl.txt"
"SA","BIO150","FUNDAMENTALS OF ANATOMY AND PHYSIOLOGY","2013/06","MS Word","https://njtransfer.org/artweb/artup/SA.BIO150.201306.syl.docx"
"SA","BIO200","BIOETHICS","2001/09","Text/ASCII","https://njtransfer.org/artweb/artup/SA.BIO200.200109.syl.txt"
"SA","BIO211","PRINCIPLES OF MICROBIOLOGY","2024/09","PDF","https://njtransfer.org/artweb/artup/SA.BIO211.202409.syl.pdf"
"SA","BIO213","GENERAL ECOLOGY","2013/09","MS Word","https://njtransfer.org/artweb/artup/SA.BIO213.201309.syl.docx"
"SA","BIO220","HUMAN ANATOMY AND PHYSIOLOGY I","2013/09","MS Word","https://njtransfer.org/artweb/artup/SA.BIO220.201309.syl.doc"
"SA","BIO221","HUMAN ANATOMY AND PHYSIOLOGY II","2013/09","MS Word","https://njtransfer.org/artweb/artup/SA.BIO221.201309.syl.doc"
"SA","BIO230","GENETICS","2019/09","PDF","https://njtransfer.org/artweb/artup/SA.BIO230.201909.syl.pdf"
"SA","BTC101","INTRODUCTION TO BIOTECHNOLOGY","2001/09","Text/ASCII","https://njtransfer.org/artweb/artup/SA.BTC101.200109.syl.txt"
"SA","BTC110","BIOTECHNOLOGY LAB METHODS AND TECHNIQUES","2001/09","Text/ASCII","https://njtransfer.org/artweb/artup/SA.BTC110.200109.syl.txt"
"SA","BTC120","INTRO TO BIOTECHNOLOGY/BASIC LABOR TECHNIQUES","2010/02","Text/ASCII","https://njtransfer.org/artweb/artup/SA.BTC120.201002.syl.txt"
"SA","BTC201","MOLECULAR BIOLOGY","2001/09","Text/ASCII","https://njtransfer.org/artweb/artup/SA.BTC201.200109.syl.txt"
"SA","BUS102","INTRODUCTION TO BUSINESS","2013/09","MS Word","https://njtransfer.org/artweb/artup/SA.BUS102.201309.syl.doc"
"SA","BUS103","PRINCIPLES OF MANAGEMENT","2013/09","MS Word","https://njtransfer.org/artweb/artup/SA.BUS103.201309.syl.doc"
"SA","BUS106","BUSINESS MATHEMATICS","2013/09","MS Word","https://njtransfer.org/artweb/artup/SA.BUS106.201309.syl.doc"
"SA","BUS114","KEYBOARDING/WORD PROCESSING","2013/09","MS Word","https://njtransfer.org/artweb/artup/SA.BUS114.201309.syl.doc"
"SA","BUS141","PRINCIPLES OF RETAILING","2001/09","Text/ASCII","https://njtransfer.org/artweb/artup/SA.BUS141.200109.syl.txt"
"SA","BUS151","HUMAN RESOURCE MANAGEMENT","2001/09","Text/ASCII","https://njtransfer.org/artweb/artup/SA.BUS151.200109.syl.txt"
"SA","BUS153","COMPENSATION ADMINISTRATION","2001/09","Text/ASCII","https://njtransfer.org/artweb/artup/SA.BUS153.200109.syl.txt"
"SA","BUS203","MANAGMENT INFORMATION SYSTEMS","2024/09","PDF","https://njtransfer.org/artweb/artup/SA.BUS203.202409.syl.pdf"
"SA","BUS205","LEGAL ENVIRONMENT OF BUSINESS","2001/09","Text/ASCII","https://njtransfer.org/artweb/artup/SA.BUS205.200109.syl.txt"
"SA","BUS211","PRINCIPLES OF FINANCE","2013/09","MS Word","https://njtransfer.org/artweb/artup/SA.BUS211.201309.syl.docx"
"SA","BUS212","PRINCIPLES OF MARKETING","2013/09","MS Word","https://njtransfer.org/artweb/artup/SA.BUS212.201309.syl.doc"
"SA","CGA101","INTRODUCTION TO COMPUTER ART","2001/09","Text/ASCII","https://njtransfer.org/artweb/artup/SA.CGA101.200109.syl.txt"
"SA","CGA110","INTRO TO DIGITAL IMAGE EDITING","2012/02","MS Word","https://njtransfer.org/artweb/artup/SA.CGA110.201202.syl.doc"
"SA","CGA122","INTRODUCTION TO ELECTRONIC PUBLISHING","2014/09","MS Word","https://njtransfer.org/artweb/artup/SA.CGA122.201409.syl.docx"
"SA","CGA132","DIGITAL ILLUSTRATION","2001/09","Text/ASCII","https://njtransfer.org/artweb/artup/SA.CGA132.200109.syl.txt"
"SA","CGA135","INTRODUCTION TO 3-D MODELING TECHNIQUES","2019/09","PDF","https://njtransfer.org/artweb/artup/SA.CGA135.201909.syl.pdf"
"SA","CGA141","WEB DESIGN","2024/09","PDF","https://njtransfer.org/artweb/artup/SA.CGA141.202409.syl.pdf"
"SA","CGA142","ANIMATION FOR THE WEB","2001/09","Text/ASCII","https://njtransfer.org/artweb/artup/SA.CGA142.200109.syl.txt"
"SA","CGA160","INTRODUCTION TO GAME ENGINES","2019/09","PDF","https://njtransfer.org/artweb/artup/SA.CGA160.201909.syl.pdf"
"SA","CGA167","FUNDAMENTALS OF MOTION GRAPHICS","2019/09","PDF","https://njtransfer.org/artweb/artup/SA.CGA167.201909.syl.pdf"
"SA","CHM100","BASIC CHEMISTRY","2024/09","PDF","https://njtransfer.org/artweb/artup/SA.CHM100.202409.syl.pdf"
"SA","CHM101","COLLEGE CHEMISTRY I","2024/09","PDF","https://njtransfer.org/artweb/artup/SA.CHM101.202409.syl.pdf"
"SA","CHM102","COLLEGE CHEMISTRY II","2001/09","Text/ASCII","https://njtransfer.org/artweb/artup/SA.CHM102.200109.syl.txt"
"SA","CHM106","INTRODUCTION TO BASIC AND ORGANIC CHEMISTRY","2001/09","Text/ASCII","https://njtransfer.org/artweb/artup/SA.CHM106.200109.syl.txt"
"SA","CHM108","ORGANIC CHEMISTRY FOR GLASSBLOWERS","2001/09","Text/ASCII","https://njtransfer.org/artweb/artup/SA.CHM108.200109.syl.txt"
"SA","CHM130","BASIC AND ORGANIC CHEMISTRY","2001/09","Text/ASCII","https://njtransfer.org/artweb/artup/SA.CHM130.200109.syl.txt"
"SA","CHM201","ORGANIC CHEMISTRY I","2001/09","Text/ASCII","https://njtransfer.org/artweb/artup/SA.CHM201.200109.syl.txt"
"SA","CHM205","ORGANIC CHEMISTRY II","2001/09","Text/ASCII","https://njtransfer.org/artweb/artup/SA.CHM205.200109.syl.txt"
"SA","CJ103","PRINCIPLES OF LAW ENFORCEMENT","2009/02","MS Word","https://njtransfer.org/artweb/artup/SA.CJ103.200902.syl.doc"
"SA","CJ103","PRINCIPLES OF LAW ENFORCEMENT","2009/02","Text/ASCII","https://njtransfer.org/artweb/artup/SA.CJ103.200902.syl.txt"
"SA","CJ112","CRIMINOLOGY","2009/02","Text/ASCII","https://njtransfer.org/artweb/artup/SA.CJ112.200902.syl.txt"
"SA","CJ208","CRIMINAL AND CORRECTIONAL LAW","2009/06","Text/ASCII","https://njtransfer.org/artweb/artup/SA.CJ208.200906.syl.txt"
"SA","CJ224","CRIMINAL JUSTICE INTERNSHIP","2009/02","Text/ASCII","https://njtransfer.org/artweb/artup/SA.CJ224.200902.syl.txt"
"SA","CRJ101","INTRODUCTION TO CRIMINAL JUSTICE","2019/09","PDF","https://njtransfer.org/artweb/artup/SA.CRJ101.201909.syl.pdf"
"SA","CRJ103","PRINCIPLES OF LAW ENFORCEMENT","2010/02","Text/ASCII","https://njtransfer.org/artweb/artup/SA.CRJ103.201002.syl.txt"
"SA","CRJ112","CRIMINOLOGY","2024/09","PDF","https://njtransfer.org/artweb/artup/SA.CRJ112.202409.syl.pdf"
"SA","CRJ206","FUNDAMENTALS OF CRIMINAL INVESTIGATION","2024/09","PDF","https://njtransfer.org/artweb/artup/SA.CRJ206.202409.syl.pdf"
"SA","CRJ208","CRIMINAL AND CORRECTIONAL LAW","2024/09","PDF","https://njtransfer.org/artweb/artup/SA.CRJ208.202409.syl.pdf"
"SA","CRJ224","CRIMINAL JUSTICE INTERNSHIP","2024/09","PDF","https://njtransfer.org/artweb/artup/SA.CRJ224.202409.syl.pdf"
"SA","CRJ232","INTRODUCTION TO COMPUTER FORENSICS","2019/09","PDF","https://njtransfer.org/artweb/artup/SA.CRJ232.201909.syl.pdf"
"SA","CRJ235","COMPUTER NETWORK SECURITY FUNDAMENTALS","2024/09","PDF","https://njtransfer.org/artweb/artup/SA.CRJ235.202409.syl.pdf"
"SA","CRJ237","ELECTRONIC DISCOVERY","2019/09","PDF","https://njtransfer.org/artweb/artup/SA.CRJ237.201909.syl.pdf"
"SA","CRJ250","POLICE SERVICES","2024/09","PDF","https://njtransfer.org/artweb/artup/SA.CRJ250.202409.syl.pdf"
"SA","CRJ255","CRIMINAL JUSTICE SEMINAR","2024/09","PDF","https://njtransfer.org/artweb/artup/SA.CRJ255.202409.syl.pdf"
"SA","CS251","INTRODUCTION TO JAVA PROGRAMMING","2001/09","Text/ASCII","https://njtransfer.org/artweb/artup/SA.CS251.200109.syl.txt"
"SA","CS252","ADVANCED JAVA CONCEPTS","2001/09","Text/ASCII","https://njtransfer.org/artweb/artup/SA.CS252.200109.syl.txt"
"SA","CSC115","COMPUTER APPLICATIONS","2023/09","PDF","https://njtransfer.org/artweb/artup/SA.CSC115.202309.syl.pdf"
"SA","CSC125","DATABASE MANAGEMENT","2013/09","MS Word","https://njtransfer.org/artweb/artup/SA.CSC125.201309.syl.doc"
"SA","CSC131","COMPUTER HARDWARE AND OPERATION","2019/09","PDF","https://njtransfer.org/artweb/artup/SA.CSC131.201909.syl.pdf"
"SA","CSC140","COMPUTER PROGRAMMING","2019/09","PDF","https://njtransfer.org/artweb/artup/SA.CSC140.201909.syl.pdf"
"SA","CSC217","INTRODUCTION TO VISUAL BASIC","2013/09","MS Word","https://njtransfer.org/artweb/artup/SA.CSC217.201309.syl.docx"
"SA","CSC225","ADVANCED VISUAL BASIC","2013/09","MS Word","https://njtransfer.org/artweb/artup/SA.CSC225.201309.syl.docx"
"SA","CSC250","WEB PROGRAMMING","2013/09","MS Word","https://njtransfer.org/artweb/artup/SA.CSC250.201309.syl.doc"
"SA","CSC252","ADVANCED JAVA CONCEPTS","2013/09","MS Word","https://njtransfer.org/artweb/artup/SA.CSC252.201309.syl.doc"
"SA","DIV101","DIVERSITY AND MULTICULTURALISM IN THE US","2010/02","Text/ASCII","https://njtransfer.org/artweb/artup/SA.DIV101.201002.syl.txt"
"SA","ECE205","SCHOOL, FAMILY AND COMMUNITY","2001/09","Text/ASCII","https://njtransfer.org/artweb/artup/SA.ECE205.200109.syl.txt"
"SA","ECE210","CREATING AN ENVIRONMENT FOR LEARNING","2001/09","Text/ASCII","https://njtransfer.org/artweb/artup/SA.ECE210.200109.syl.txt"
"SA","ECO201","MACROECONOMICS","2013/09","MS Word","https://njtransfer.org/artweb/artup/SA.ECO201.201309.syl.docx"
"SA","ECO202","MICROECONOMICS","2013/09","MS Word","https://njtransfer.org/artweb/artup/SA.ECO202.201309.syl.docx"
"SA","ED101","INTRO TO THE TEACHING PROFESSION","2001/09","Text/ASCII","https://njtransfer.org/artweb/artup/SA.ED101.200109.syl.txt"
"SA","EDU101","INTRODUCTION TO THE TEACHING PROFESSION","2023/09","PDF","https://njtransfer.org/artweb/artup/SA.EDU101.202309.syl.pdf"
"SA","EDU110","HISTORY AND PHILOSOPHY OF EDUCATION","2013/09","MS Word","https://njtransfer.org/artweb/artup/SA.EDU110.201309.syl.doc"
"SA","EME100","INTRODUCTION TO EMERGENCY SERVICES","2010/02","Text/ASCII","https://njtransfer.org/artweb/artup/SA.EME100.201002.syl.txt"
"SA","EME201","EMERGENCY MANAGEMENT EXERCISE DESIGN","2010/02","Text/ASCII","https://njtransfer.org/artweb/artup/SA.EME201.201002.syl.txt"
"SA","EME202","COMMUNICATION AND COMMAND FOR EMERGENCY MGRS","2010/02","Text/ASCII","https://njtransfer.org/artweb/artup/SA.EME202.201002.syl.txt"
"SA","ENG090","SUCCESS STRATEGIES FOR COMPOSITION I","2024/09","PDF","https://njtransfer.org/artweb/artup/SA.ENG090.202409.syl.pdf"
"SA","ENG096","ENGLISH READING/WRITING PREPARATION I","2013/09","MS Word","https://njtransfer.org/artweb/artup/SA.ENG096.201309.syl.doc"
"SA","ENG098","ENGLISH READING/WRITING PREPARATION II","2013/09","MS Word","https://njtransfer.org/artweb/artup/SA.ENG098.201309.syl.doc"
"SA","ENG101","ENGLISH COMPOSITION I","2013/09","MS Word","https://njtransfer.org/artweb/artup/SA.ENG101.201309.syl.doc"
"SA","ENG102","ENGLISH COMPOSITION II","2013/09","MS Word","https://njtransfer.org/artweb/artup/SA.ENG102.201309.syl.doc"
"SA","ENG122","BUSINESS AND OCCUPATIONAL WRITING","2013/09","MS Word","https://njtransfer.org/artweb/artup/SA.ENG122.201309.syl.doc"
"SA","ENG202","INTRODUCTION TO SPEECH COMMUNICATION","2013/09","MS Word","https://njtransfer.org/artweb/artup/SA.ENG202.201309.syl.docx"
"SA","ENG210","INTRODUCTION TO DRAMA","2024/09","PDF","https://njtransfer.org/artweb/artup/SA.ENG210.202409.syl.pdf"
"SA","ENG211","STUDIES IN THE SHORT STORY","2024/09","PDF","https://njtransfer.org/artweb/artup/SA.ENG211.202409.syl.pdf"
"SA","ENG221","AMERICAN LITERATURE I","2024/09","PDF","https://njtransfer.org/artweb/artup/SA.ENG221.202409.syl.pdf"
"SA","ENG222","AMERICAN LITERATURE II","2024/09","PDF","https://njtransfer.org/artweb/artup/SA.ENG222.202409.syl.pdf"
"SA","ENG231","SEMANTICS","2010/02","Text/ASCII","https://njtransfer.org/artweb/artup/SA.ENG231.201002.syl.txt"
"SA","ENG232","INTRODUCTION TO THE COMMUNICATIONS MEDIA","2024/09","PDF","https://njtransfer.org/artweb/artup/SA.ENG232.202409.syl.pdf"
"SA","ENG241","CREATIVE WRITING","2001/09","Text/ASCII","https://njtransfer.org/artweb/artup/SA.ENG241.200109.syl.txt"
"SA","ENG242","INTRODUCTION TO JOURNALISM","2013/09","MS Word","https://njtransfer.org/artweb/artup/SA.ENG242.201309.syl.docx"
"SA","ENG250","WORLD LITERATURE","2013/09","MS Word","https://njtransfer.org/artweb/artup/SA.ENG250.201309.syl.docx"
"SA","ENG252","COMMUNICATIONS INTERNSHIP","2013/09","MS Word","https://njtransfer.org/artweb/artup/SA.ENG252.201309.syl.docx"
"SA","ENS102","INTRODUCTION TO ENGINEERING","2001/09","Text/ASCII","https://njtransfer.org/artweb/artup/SA.ENS102.200109.syl.txt"
"SA","ENS121","INTRODUCTION TO ROBOTICS","2001/09","Text/ASCII","https://njtransfer.org/artweb/artup/SA.ENS121.200109.syl.txt"
"SA","ENS122","ROBOTICS II","2001/09","Text/ASCII","https://njtransfer.org/artweb/artup/SA.ENS122.200109.syl.txt"
"SA","ENS123","ROBOTICS III","2001/09","Text/ASCII","https://njtransfer.org/artweb/artup/SA.ENS123.200109.syl.txt"
"SA","ENS160","ENGINEERING CLINIC I","2019/09","PDF","https://njtransfer.org/artweb/artup/SA.ENS160.201909.syl.pdf"
"SA","ENS161","ENGINEERING CLINIC II","2019/09","PDF","https://njtransfer.org/artweb/artup/SA.ENS161.201909.syl.pdf"
"SA","ENS221","ENGINEERING STATICS","2019/09","PDF","https://njtransfer.org/artweb/artup/SA.ENS221.201909.syl.pdf"
"SA","ENS231","ENGINEERING DYNAMICS","2019/09","PDF","https://njtransfer.org/artweb/artup/SA.ENS231.201909.syl.pdf"
"SA","ETH200","ETHICS IN THE MODERN WORLD","2009/02","Text/ASCII","https://njtransfer.org/artweb/artup/SA.ETH200.200902.syl.txt"
"SA","FA101","ART HISTORY I","2001/09","Text/ASCII","https://njtransfer.org/artweb/artup/SA.FA101.200109.syl.txt"
"SA","FA102","ART HISTORY II","2001/09","Text/ASCII","https://njtransfer.org/artweb/artup/SA.FA102.200109.syl.txt"
"SA","FA110","INTRODUCTION TO FLAMEWORKING","2001/09","Text/ASCII","https://njtransfer.org/artweb/artup/SA.FA110.200109.syl.txt"
"SA","FA112","INTERMEDIATE FLAMEWORKING","2001/09","Text/ASCII","https://njtransfer.org/artweb/artup/SA.FA112.200109.syl.txt"
"SA","FA120","COLD GLASS ASSEMBLAGE AND SURFACE TREATMENT","2001/09","Text/ASCII","https://njtransfer.org/artweb/artup/SA.FA120.200109.syl.txt"
"SA","FA210","SCULPTURAL APPROACHES TO FLAMEWORKED GLASS","2001/09","Text/ASCII","https://njtransfer.org/artweb/artup/SA.FA210.200109.syl.txt"
"SA","FA220","KILN FORMING TECHNIQUES","2001/09","Text/ASCII","https://njtransfer.org/artweb/artup/SA.FA220.200109.syl.txt"
"SA","FA222","KILN CASTING AND PATE DE VERRE","2001/09","Text/ASCII","https://njtransfer.org/artweb/artup/SA.FA222.200109.syl.txt"
"SA","FA230","INDIVIDUAL PROJECTS IN GLASS","2001/09","Text/ASCII","https://njtransfer.org/artweb/artup/SA.FA230.200109.syl.txt"
"SA","FNA101","ART HISTORY I","2024/09","PDF","https://njtransfer.org/artweb/artup/SA.FNA101.202409.syl.pdf"
"SA","FNA102","ART HISTORY II","2024/09","PDF","https://njtransfer.org/artweb/artup/SA.FNA102.202409.syl.pdf"
"SA","FNA110","CREATIVE PRINCIPLES OF FLAMEWORKING","2024/09","PDF","https://njtransfer.org/artweb/artup/SA.FNA110.202409.syl.pdf"
"SA","FNA115","GLASS SURVEY I: STUDIO TECHNIQUES","2019/09","PDF","https://njtransfer.org/artweb/artup/SA.FNA115.201909.syl.pdf"
"SA","FNA120","COLD GLASS ASSEMBLAGE AND SURFACE TREATMENT","2024/09","PDF","https://njtransfer.org/artweb/artup/SA.FNA120.202409.syl.pdf"
"SA","FNA150","GLASSBLOWING I","2009/09","MS Word","https://njtransfer.org/artweb/artup/SA.FNA150.200909.syl.docx"
"SA","FNA210","SCULPTURAL APPROACHES TO FLAMEWORKED GLASS","2024/09","PDF","https://njtransfer.org/artweb/artup/SA.FNA210.202409.syl.pdf"
"SA","FNA221","KILN TECHNIQUES","2019/09","PDF","https://njtransfer.org/artweb/artup/SA.FNA221.201909.syl.pdf"
"SA","FNA222","KILN CASTING AND PATE DE VERRE","2024/09","PDF","https://njtransfer.org/artweb/artup/SA.FNA222.202409.syl.pdf"
"SA","FNA230","INDIVIDUAL PROJECTS IN GLASS","2024/09","PDF","https://njtransfer.org/artweb/artup/SA.FNA230.202409.syl.pdf"
"SA","FNA250","GLASSBLOWING II","2009/06","MS Word","https://njtransfer.org/artweb/artup/SA.FNA250.200906.syl.docx"
"SA","FNA255","HOT GLASS CASTING","2011/02","MS Word","https://njtransfer.org/artweb/artup/SA.FNA255.201102.syl.docx"
"SA","FPT101","INTRODUCTION TO FOOD PROCESSING","2010/02","Text/ASCII","https://njtransfer.org/artweb/artup/SA.FPT101.201002.syl.txt"
"SA","FPT210","FOOD PACKAGING","2010/02","Text/ASCII","https://njtransfer.org/artweb/artup/SA.FPT210.201002.syl.txt"
"SA","FRE101","ELEMENTARY FRENCH I","2019/09","PDF","https://njtransfer.org/artweb/artup/SA.FRE101.201909.syl.pdf"
"SA","GEO101","WORLD REGIONAL GEOGRAPHY","2001/09","Text/ASCII","https://njtransfer.org/artweb/artup/SA.GEO101.200109.syl.txt"
"SA","HIS101","WESTERN CIVILIZATION I","2001/09","Text/ASCII","https://njtransfer.org/artweb/artup/SA.HIS101.200109.syl.txt"
"SA","HIS102","WESTERN CIVILIZATION II","2001/09","Text/ASCII","https://njtransfer.org/artweb/artup/SA.HIS102.200109.syl.txt"
"SA","HIS161","WORLD HISTORY I","2010/02","Text/ASCII","https://njtransfer.org/artweb/artup/SA.HIS161.201002.syl.txt"
"SA","HIS162","WORLD HISTORY II","2010/02","Text/ASCII","https://njtransfer.org/artweb/artup/SA.HIS162.201002.syl.txt"
"SA","HIS201","UNITED STATES HISTORY I","2024/09","PDF","https://njtransfer.org/artweb/artup/SA.HIS201.202409.syl.pdf"
"SA","HIS202","UNITED STATES HISTORY II","2024/09","PDF","https://njtransfer.org/artweb/artup/SA.HIS202.202409.syl.pdf"
"SA","HLH130","NURSING MATH","2013/09","MS Word","https://njtransfer.org/artweb/artup/SA.HLH130.201309.syl.doc"
"SA","HLH134","INTRODUCTION TO NURSING","2013/09","MS Word","https://njtransfer.org/artweb/artup/SA.HLH134.201309.syl.doc"
"SA","HLH141","INTRODUCTION TO ALLIED HEALTH AND NURSING","2013/09","MS Word","https://njtransfer.org/artweb/artup/SA.HLH141.201309.syl.doc"
"SA","HLH170","PHARMACOLOGY","2013/09","MS Word","https://njtransfer.org/artweb/artup/SA.HLH170.201309.syl.docx"
"SA","HLH178","NURSING FUNDAMENTALS","2013/09","MS Word","https://njtransfer.org/artweb/artup/SA.HLH178.201309.syl.doc"
"SA","HLH179","FUNDAMENTALS PRACTICUM","2010/02","Text/ASCII","https://njtransfer.org/artweb/artup/SA.HLH179.201002.syl.txt"
"SA","HLH188","MEDICAL SURGICAL NURSING","2013/09","MS Word","https://njtransfer.org/artweb/artup/SA.HLH188.201309.syl.docx"
"SA","HLH189","MEDICAL SURGICAL NURSING PRACTICUM","2013/09","MS Word","https://njtransfer.org/artweb/artup/SA.HLH189.201309.syl.docx"
"SA","HLH190","FUNDAMENTALS OF NURSING","2001/09","Text/ASCII","https://njtransfer.org/artweb/artup/SA.HLH190.200109.syl.txt"
"SA","HLH191","FUNDAMENTALS PRACTICUM","2001/09","Text/ASCII","https://njtransfer.org/artweb/artup/SA.HLH191.200109.syl.txt"
"SA","HLH192","MEDICAL SURGERY NURSING I","2001/09","Text/ASCII","https://njtransfer.org/artweb/artup/SA.HLH192.200109.syl.txt"
"SA","HLH193","MEDICAL SURGERY I PRACTICUM","2001/09","Text/ASCII","https://njtransfer.org/artweb/artup/SA.HLH193.200109.syl.txt"
"SA","HLH194","MEDICAL SURGERY NURSING II","2001/09","Text/ASCII","https://njtransfer.org/artweb/artup/SA.HLH194.200109.syl.txt"
"SA","HLH195","MEDICAL SURGERY II PRACTICUM","2001/09","Text/ASCII","https://njtransfer.org/artweb/artup/SA.HLH195.200109.syl.txt"
"SA","HLH197","SPECIALTY NURSING PRACTICUM","2001/09","Text/ASCII","https://njtransfer.org/artweb/artup/SA.HLH197.200109.syl.txt"
"SA","HLH198","SPECIALTIES","2013/09","MS Word","https://njtransfer.org/artweb/artup/SA.HLH198.201309.syl.docx"
"SA","HLH199","SPECIALTIES PRACTICUM","2013/09","MS Word","https://njtransfer.org/artweb/artup/SA.HLH199.201309.syl.docx"
"SA","HLH235","NCLEX PN REVIEW","2001/09","Text/ASCII","https://njtransfer.org/artweb/artup/SA.HLH235.200109.syl.txt"
"SA","HPE102","HEALTH AND WELLNESS","2024/09","PDF","https://njtransfer.org/artweb/artup/SA.HPE102.202409.syl.pdf"
"SA","HPE121","FUNDAMENTALS OF GOLF","2001/09","Text/ASCII","https://njtransfer.org/artweb/artup/SA.HPE121.200109.syl.txt"
"SA","HPE140","SPORT MANAGEMENT","2001/09","Text/ASCII","https://njtransfer.org/artweb/artup/SA.HPE140.200109.syl.txt"
"SA","HPE141","PRINCIPLES AND SCIENCE OF COACHING","2001/09","Text/ASCII","https://njtransfer.org/artweb/artup/SA.HPE141.200109.syl.txt"
"SA","HPE145","SPORTS PSYCHOLOGY","2001/09","Text/ASCII","https://njtransfer.org/artweb/artup/SA.HPE145.200109.syl.txt"
"SA","HPE200","STANDARD FIRST AID AND CPR","2001/09","Text/ASCII","https://njtransfer.org/artweb/artup/SA.HPE200.200109.syl.txt"
"SA","HPE220","INTRODUCTION TO EXERCISE SCIENCE I","2010/02","Text/ASCII","https://njtransfer.org/artweb/artup/SA.HPE220.201002.syl.txt"
"SA","HPE221","INTRO TO EXERCISE SCIENCE II","2001/09","Text/ASCII","https://njtransfer.org/artweb/artup/SA.HPE221.200109.syl.txt"
"SA","HSC103","INTRODUCTION TO THE HEALTH SCIENCES","2024/09","PDF","https://njtransfer.org/artweb/artup/SA.HSC103.202409.syl.pdf"
"SA","HSC150","PHARMACOLOGY FOR HEALTH SERVICES","2010/02","Text/ASCII","https://njtransfer.org/artweb/artup/SA.HSC150.201002.syl.txt"
"SA","HSC168","NUTRITION","2010/02","Text/ASCII","https://njtransfer.org/artweb/artup/SA.HSC168.201002.syl.txt"
"SA","HSC200","STANDARD FIRST AID AND CPR","2024/09","PDF","https://njtransfer.org/artweb/artup/SA.HSC200.202409.syl.pdf"
"SA","HSC211","MEDICAL TERMINOLOGY","2010/02","Text/ASCII","https://njtransfer.org/artweb/artup/SA.HSC211.201002.syl.txt"
"SA","HSC248","PHARMACY TECHNICIAN INTERNSHIP","2010/02","Text/ASCII","https://njtransfer.org/artweb/artup/SA.HSC248.201002.syl.txt"
"SA","HUM101","INTRODUCTION TO THE HUMANITIES","2010/02","Text/ASCII","https://njtransfer.org/artweb/artup/SA.HUM101.201002.syl.txt"
"SA","IT102","HOW THE MAC WORKS","2001/09","Text/ASCII","https://njtransfer.org/artweb/artup/SA.IT102.200109.syl.txt"
"SA","IT104","COMPUTER REPAIR","2001/09","Text/ASCII","https://njtransfer.org/artweb/artup/SA.IT104.200109.syl.txt"
"SA","IT106","PC ASSEMBLY","2001/09","Text/ASCII","https://njtransfer.org/artweb/artup/SA.IT106.200109.syl.txt"
"SA","IT107","FUNDAMENTALS OF ELECTRONIC COMMUNICATION","2001/09","Text/ASCII","https://njtransfer.org/artweb/artup/SA.IT107.200109.syl.txt"
"SA","IT108","COPPER CABLING SYSTEMS","2001/09","Text/ASCII","https://njtransfer.org/artweb/artup/SA.IT108.200109.syl.txt"
"SA","IT109","FIBER OPTICS CABLING SYSTEMS","2001/09","Text/ASCII","https://njtransfer.org/artweb/artup/SA.IT109.200109.syl.txt"
"SA","IT204","COMPUTER REPAIR II","2001/09","Text/ASCII","https://njtransfer.org/artweb/artup/SA.IT204.200109.syl.txt"
"SA","IT205","NETWORK SYSTEMS II","2001/09","Text/ASCII","https://njtransfer.org/artweb/artup/SA.IT205.200109.syl.txt"
"SA","ITL101","ELEMENTARY ITALIAN I","2010/02","Text/ASCII","https://njtransfer.org/artweb/artup/SA.ITL101.201002.syl.txt"
"SA","LPN101","FOUNDATIONS OF PRACTICAL NURSING","2014/09","MS Word","https://njtransfer.org/artweb/artup/SA.LPN101.201409.syl.docx"
"SA","LPN102","MEDICAL SURGICAL PRACTICAL NURSING","2015/02","MS Word","https://njtransfer.org/artweb/artup/SA.LPN102.201502.syl.docx"
"SA","LPN103","ADVANCED CONCEPTS IN PRACTICAL NURSING","2015/02","MS Word","https://njtransfer.org/artweb/artup/SA.LPN103.201502.syl.docx"
"SA","LPN110","FOUNDATIONS OF PRACTICAL NURSING","2024/09","PDF","https://njtransfer.org/artweb/artup/SA.LPN110.202409.syl.pdf"
"SA","LPN120","PRACTICAL NURSING I","2024/09","PDF","https://njtransfer.org/artweb/artup/SA.LPN120.202409.syl.pdf"
"SA","LPN121","PRACTICAL NURSING II","2024/09","PDF","https://njtransfer.org/artweb/artup/SA.LPN121.202409.syl.pdf"
"SA","MA90","BASIC COLLEGE MATHEMATICS","2001/09","Text/ASCII","https://njtransfer.org/artweb/artup/SA.MA90.200109.syl.txt"
"SA","MA93","ELEMENTARY ALGEBRA","2001/09","Text/ASCII","https://njtransfer.org/artweb/artup/SA.MA93.200109.syl.txt"
"SA","MA95","INTERMEDIATE ALGEBRA","2001/09","Text/ASCII","https://njtransfer.org/artweb/artup/SA.MA95.200109.syl.txt"
"SA","MAT037","COLLEGE ALEBRA ENHANCEMENT","2018/02","PDF","https://njtransfer.org/artweb/artup/SA.MAT037.201802.syl.pdf"
"SA","MAT092","PRE-ALGEBRA","2012/06","MS Word","https://njtransfer.org/artweb/artup/SA.MAT092.201206.syl.docx"
"SA","MAT093","ELEMENTARY ALGEBRA","2012/06","MS Word","https://njtransfer.org/artweb/artup/SA.MAT093.201206.syl.docx"
"SA","MAT094","CONTEMPORARY MATH ENHANCEMENT","2016/02","PDF","https://njtransfer.org/artweb/artup/SA.MAT094.201602.syl.pdf"
"SA","MAT110","INTRODUCTION TO COLLEGE MATHEMATICS","2001/09","Text/ASCII","https://njtransfer.org/artweb/artup/SA.MAT110.200109.syl.txt"
"SA","MAT115","FUNDAMENTALS OF MATH FOR NURSING","2001/09","Text/ASCII","https://njtransfer.org/artweb/artup/SA.MAT115.200109.syl.txt"
"SA","MAT134","CONTEMPORARY MATHEMATICS","2001/09","Text/ASCII","https://njtransfer.org/artweb/artup/SA.MAT134.200109.syl.txt"
"SA","MAT136","INTERMEDIATE ALGEBRA","2001/09","Text/ASCII","https://njtransfer.org/artweb/artup/SA.MAT136.200109.syl.txt"
"SA","MAT137","COLLEGE ALGEBRA","2001/09","Text/ASCII","https://njtransfer.org/artweb/artup/SA.MAT137.200109.syl.txt"
"SA","MAT153","PRE-CALCULUS","2010/02","Text/ASCII","https://njtransfer.org/artweb/artup/SA.MAT153.201002.syl.txt"
"SA","MAT170","DISCRETE MATH","2019/09","PDF","https://njtransfer.org/artweb/artup/SA.MAT170.201909.syl.pdf"
"SA","MAT201","STATISTICS","2024/09","PDF","https://njtransfer.org/artweb/artup/SA.MAT201.202409.syl.pdf"
"SA","MAT205","INDUSTRIAL STATISTICS","2001/09","Text/ASCII","https://njtransfer.org/artweb/artup/SA.MAT205.200109.syl.txt"
"SA","MAT231","CALCULUS I","2001/09","Text/ASCII","https://njtransfer.org/artweb/artup/SA.MAT231.200109.syl.txt"
"SA","MAT232","CALCULUS II","2001/09","Text/ASCII","https://njtransfer.org/artweb/artup/SA.MAT232.200109.syl.txt"
"SA","MAT233","CALCULUS III","2001/09","Text/ASCII","https://njtransfer.org/artweb/artup/SA.MAT233.200109.syl.txt"
"SA","MAT240","LINEAR ALGEBRA","2010/02","Text/ASCII","https://njtransfer.org/artweb/artup/SA.MAT240.201002.syl.txt"
"SA","MED121","LAW/ETHICS FOR MEDICAL CAREERS","2001/09","Text/ASCII","https://njtransfer.org/artweb/artup/SA.MED121.200109.syl.txt"
"SA","MUS101","MUSIC APPRECIATION","2024/09","PDF","https://njtransfer.org/artweb/artup/SA.MUS101.202409.syl.pdf"
"SA","MUS104","INTRODUCTION TO MUSICAL THEATER","2001/09","Text/ASCII","https://njtransfer.org/artweb/artup/SA.MUS104.200109.syl.txt"
"SA","NET111","MATHEMATICS FOR ENERGY TECHNICIANS","2009/09","MS Word","https://njtransfer.org/artweb/artup/SA.NET111.200909.syl.docx"
"SA","NET115","MECHANICAL SCIENCES","2009/09","MS Word","https://njtransfer.org/artweb/artup/SA.NET115.200909.syl.docx"
"SA","NET130","APPLIED PHYSICS AND CHEMISTRY","2019/09","PDF","https://njtransfer.org/artweb/artup/SA.NET130.201909.syl.pdf"
"SA","NET131","NUCLEAR INDUSTRY FUNDAMENTAL CONCEPTS","2010/02","MS Word","https://njtransfer.org/artweb/artup/SA.NET131.201002.syl.docx"
"SA","NET133","ELECTRICAL SCIENCE","2019/09","PDF","https://njtransfer.org/artweb/artup/SA.NET133.201909.syl.pdf"
"SA","NET200","NUCLEAR ENERGY INTERNSHIP","2009/06","MS Word","https://njtransfer.org/artweb/artup/SA.NET200.200906.syl.docx"
"SA","NET211","HEAT TRANSFER AND FLUID FLOW","2009/09","MS Word","https://njtransfer.org/artweb/artup/SA.NET211.200909.syl.docx"
"SA","NET213","INSTRUMENTATION AND CONTROL I","2009/09","MS Word","https://njtransfer.org/artweb/artup/SA.NET213.200909.syl.docx"
"SA","NET215","BASIC NUCLEAR SYSTEMS","2019/09","PDF","https://njtransfer.org/artweb/artup/SA.NET215.201909.syl.pdf"
"SA","NET221","NUCLEAR SCIENCE","2010/02","MS Word","https://njtransfer.org/artweb/artup/SA.NET221.201002.syl.docx"
"SA","NET223","REACTOR PLANT PROTECTION AND SAFETY","2010/02","MS Word","https://njtransfer.org/artweb/artup/SA.NET223.201002.syl.docx"
"SA","NET225","INSTRUMENTATION AND CONTROL II","2019/09","PDF","https://njtransfer.org/artweb/artup/SA.NET225.201909.syl.pdf"
"SA","NET251","MAINTENANCE: ELECTRICAL TECHNICIANS","2019/09","PDF","https://njtransfer.org/artweb/artup/SA.NET251.201909.syl.pdf"
"SA","NET261","NUCLEAR PLANT SYSTEMS AND COMPONENTS: PWR","2019/09","PDF","https://njtransfer.org/artweb/artup/SA.NET261.201909.syl.pdf"
"SA","NET263","NUCLEAR PLANT SYSTEMS AND COMPONENTS:  BWR","2019/09","PDF","https://njtransfer.org/artweb/artup/SA.NET263.201909.syl.pdf"
"SA","NUR200","LPN TO RN TRANSITION","2001/09","Text/ASCII","https://njtransfer.org/artweb/artup/SA.NUR200.200109.syl.txt"
"SA","NUR201","HEALTH DEVIATIONS I","2001/09","Text/ASCII","https://njtransfer.org/artweb/artup/SA.NUR201.200109.syl.txt"
"SA","NUR202","CLINICAL HEALTH DEVIATIONS I","2001/09","Text/ASCII","https://njtransfer.org/artweb/artup/SA.NUR202.200109.syl.txt"
"SA","NUR203","HEALTH DEVIATIONS II","2001/09","Text/ASCII","https://njtransfer.org/artweb/artup/SA.NUR203.200109.syl.txt"
"SA","NUR204","CLINICAL HEALTH DEVIATIONS II","2001/09","Text/ASCII","https://njtransfer.org/artweb/artup/SA.NUR204.200109.syl.txt"
"SA","NUR206","PROF ROLE TRANSITION:NURSING LEADERSHIP/MGMT","2001/09","Text/ASCII","https://njtransfer.org/artweb/artup/SA.NUR206.200109.syl.txt"
"SA","NUR210","INTRODUCTION TO NURSING SUCCESS","2019/09","PDF","https://njtransfer.org/artweb/artup/SA.NUR210.201909.syl.pdf"
"SA","NUR221","CONCEPTS IN NURSING PRACTICE I","2019/09","PDF","https://njtransfer.org/artweb/artup/SA.NUR221.201909.syl.pdf"
"SA","NUR222","CONCEPTS IN NURSING PRACTICE II","2019/09","PDF","https://njtransfer.org/artweb/artup/SA.NUR222.201909.syl.pdf"
"SA","NUR223","CONCEPTS IN NURSING PRACTICE III","2019/09","PDF","https://njtransfer.org/artweb/artup/SA.NUR223.201909.syl.pdf"
"SA","NUR230","NURSING CONCEPTS IN GLOBAL HEALTH AND DIVERSITY","2019/09","PDF","https://njtransfer.org/artweb/artup/SA.NUR230.201909.syl.pdf"
"SA","NUR231","PROFESSIONAL NURSING I","2024/09","PDF","https://njtransfer.org/artweb/artup/SA.NUR231.202409.syl.pdf"
"SA","NUR235","NCLEX RN REVIEW","2001/09","Text/ASCII","https://njtransfer.org/artweb/artup/SA.NUR235.200109.syl.txt"
"SA","NUR240","CONCEPTS OF LEADERSHIP IN HEALTHCARE SYSTEMS","2019/09","PDF","https://njtransfer.org/artweb/artup/SA.NUR240.201909.syl.pdf"
"SA","NUR241","PROFESSIONAL NURSING II","2024/09","PDF","https://njtransfer.org/artweb/artup/SA.NUR241.202409.syl.pdf"
"SA","NUR290","PERIOPERATIVE NURSING","2001/09","Text/ASCII","https://njtransfer.org/artweb/artup/SA.NUR290.200109.syl.txt"
"SA","PHL101","INTRODUCTION TO PHILOSOPHY","2010/02","Text/ASCII","https://njtransfer.org/artweb/artup/SA.PHL101.201002.syl.txt"
"SA","PHL150","INTRODUCTION TO ETHICS","2001/09","Text/ASCII","https://njtransfer.org/artweb/artup/SA.PHL150.200109.syl.txt"
"SA","PHL222","COMPARATIVE RELIGIONS","2010/02","Text/ASCII","https://njtransfer.org/artweb/artup/SA.PHL222.201002.syl.txt"
"SA","PHY101","PHYSICS I","2024/09","PDF","https://njtransfer.org/artweb/artup/SA.PHY101.202409.syl.pdf"
"SA","PHY102","PHYSICS II","2024/09","PDF","https://njtransfer.org/artweb/artup/SA.PHY102.202409.syl.pdf"
"SA","PHY211","THERMODYNAMICS","2010/02","Text/ASCII","https://njtransfer.org/artweb/artup/SA.PHY211.201002.syl.txt"
"SA","PHY221","CALCULUS BASED PHYSICS I","2024/09","PDF","https://njtransfer.org/artweb/artup/SA.PHY221.202409.syl.pdf"
"SA","PHY222","CALCULUS BASED PHYSICS II","2024/09","PDF","https://njtransfer.org/artweb/artup/SA.PHY222.202409.syl.pdf"
"SA","POL101","INTRODUCTION TO POLITICAL SCIENCE","2024/09","PDF","https://njtransfer.org/artweb/artup/SA.POL101.202409.syl.pdf"
"SA","POL102","AMERICAN GOVERNMENT","2010/02","Text/ASCII","https://njtransfer.org/artweb/artup/SA.POL102.201002.syl.txt"
"SA","POL221","PUBLIC ADMINISTRATION","2024/09","PDF","https://njtransfer.org/artweb/artup/SA.POL221.202409.syl.pdf"
"SA","PRT112","PROCESS CONTROL TECHNOLOGY","2001/09","Text/ASCII","https://njtransfer.org/artweb/artup/SA.PRT112.200109.syl.txt"
"SA","PRT208","PROCESS TECHNOLOGY - TROUBLESHOOTING","2001/09","Text/ASCII","https://njtransfer.org/artweb/artup/SA.PRT208.200109.syl.txt"
"SA","PSY101","GENERAL PSYCHOLOGY","2024/09","PDF","https://njtransfer.org/artweb/artup/SA.PSY101.202409.syl.pdf"
"SA","PSY111","HUMAN GROWTH AND DEVELOPMENT","2024/09","PDF","https://njtransfer.org/artweb/artup/SA.PSY111.202409.syl.pdf"
"SA","PSY201","CHILD AND ADOLESCENT PSYCHOLOGY","2024/09","PDF","https://njtransfer.org/artweb/artup/SA.PSY201.202409.syl.pdf"
"SA","PSY211","ABNORMAL PSYCHOLOGY","2024/09","PDF","https://njtransfer.org/artweb/artup/SA.PSY211.202409.syl.pdf"
"SA","PSY212","EDUCATIONAL PSYCHOLOGY AND ASSESSMENT","2001/09","Text/ASCII","https://njtransfer.org/artweb/artup/SA.PSY212.200109.syl.txt"
"SA","PSY220","PSYCHOLOGY OF THE EXCEPTIONAL CHILD","2001/09","Text/ASCII","https://njtransfer.org/artweb/artup/SA.PSY220.200109.syl.txt"
"SA","RDG201","LANGUAGE DEVELOPMENT AND EARLY LITERATURE","2001/09","Text/ASCII","https://njtransfer.org/artweb/artup/SA.RDG201.200109.syl.txt"
"SA","SCM101","INTRODUCTION TO SUPPLY CHAIN MANAGEMENT","2019/09","PDF","https://njtransfer.org/artweb/artup/SA.SCM101.201909.syl.pdf"
"SA","SCM205","SUPPLY CHAIN MANAGEMENT TECHNOLOGY","2019/09","PDF","https://njtransfer.org/artweb/artup/SA.SCM205.201909.syl.pdf"
"SA","SCM210","SUPPLY CHAIN OPERATIONS MANAGEMENT","2019/09","PDF","https://njtransfer.org/artweb/artup/SA.SCM210.201909.syl.pdf"
"SA","SCO105","SUCCESS SKILLS FOR ARTISTS","2001/09","Text/ASCII","https://njtransfer.org/artweb/artup/SA.SCO105.200109.syl.txt"
"SA","SCO113","COLLEGE SUCCESS STRATEGIES","2021/02","PDF","https://njtransfer.org/artweb/artup/SA.SCO113.202102.syl.pdf"
"SA","SCO201","STUDENT LEADERSHIP","2001/09","Text/ASCII","https://njtransfer.org/artweb/artup/SA.SCO201.200109.syl.txt"
"SA","SCO202","SERVICE LEARNING AND YOUR COMMUNITY","2001/09","Text/ASCII","https://njtransfer.org/artweb/artup/SA.SCO202.200109.syl.txt"
"SA","SET101","ENERGY, THE ENVIRONMENT AND SOCIETY","2012/02","MS Word","https://njtransfer.org/artweb/artup/SA.SET101.201202.syl.doc"
"SA","SET150","SOLAR PHOTOVOLTAIC ELECTRIC SYSTEMS","2011/02","MS Word","https://njtransfer.org/artweb/artup/SA.SET150.201102.syl.doc"
"SA","SET160","BUILDING ENERGY AUDIT TECHNOLOGY","2011/02","MS Word","https://njtransfer.org/artweb/artup/SA.SET160.201102.syl.doc"
"SA","SET161","BUILDING ENVELOPE TECHNOLOGY","2011/02","MS Word","https://njtransfer.org/artweb/artup/SA.SET161.201102.syl.docx"
"SA","SGT106","SCIENTIFIC GLASSBLOWING BASICS","2001/09","Text/ASCII","https://njtransfer.org/artweb/artup/SA.SGT106.200109.syl.txt"
"SA","SGT113","INTRODUCTION TO SCIENTIFIC GLASS","2001/09","Text/ASCII","https://njtransfer.org/artweb/artup/SA.SGT113.200109.syl.txt"
"SA","SGT114","BASIC APPARATUS FABRICATION","2001/09","Text/ASCII","https://njtransfer.org/artweb/artup/SA.SGT114.200109.syl.txt"
"SA","SGT115","TECHNICAL DRAWING AND CAD","2001/09","Text/ASCII","https://njtransfer.org/artweb/artup/SA.SGT115.200109.syl.txt"
"SA","SGT120","COLD CONSTRUCTION FOR SCIENTIFIC GLASS","2001/09","Text/ASCII","https://njtransfer.org/artweb/artup/SA.SGT120.200109.syl.txt"
"SA","SGT204","EQUIPMENT DESIGN AND FABRICATION","2019/09","PDF","https://njtransfer.org/artweb/artup/SA.SGT204.201909.syl.pdf"
"SA","SGT205","PLASMA DESIGN","2020/09","PDF","https://njtransfer.org/artweb/artup/SA.SGT205.202009.syl.pdf"
"SA","SGT210","ADVANCED FABRICATION I","2001/09","Text/ASCII","https://njtransfer.org/artweb/artup/SA.SGT210.200109.syl.txt"
"SA","SGT211","ADVANCED FABRICATION II","2001/09","Text/ASCII","https://njtransfer.org/artweb/artup/SA.SGT211.200109.syl.txt"
"SA","SOC101","INTRODUCTION TO SOCIOLOGY","2001/09","Text/ASCII","https://njtransfer.org/artweb/artup/SA.SOC101.200109.syl.txt"
"SA","SOC102","CONTEMPORARY SOCIAL PROBLEMS","2024/09","PDF","https://njtransfer.org/artweb/artup/SA.SOC102.202409.syl.pdf"
"SA","SOC121","INTRODUCTION TO SOCIAL SERVICES","2024/09","PDF","https://njtransfer.org/artweb/artup/SA.SOC121.202409.syl.pdf"
"SA","SOC201","THE FAMILY","2024/09","PDF","https://njtransfer.org/artweb/artup/SA.SOC201.202409.syl.pdf"
"SA","SOC203","PRINCIPLES OF LAW ENFORCEMENT","2001/09","Text/ASCII","https://njtransfer.org/artweb/artup/SA.SOC203.200109.syl.txt"
"SA","SOC214","INTERVIEWING AND COUNSELING SKILLS","2024/09","PDF","https://njtransfer.org/artweb/artup/SA.SOC214.202409.syl.pdf"
"SA","SOC222","HUMAN SERVICE INTERNSHIP","2001/09","Text/ASCII","https://njtransfer.org/artweb/artup/SA.SOC222.200109.syl.txt"
"SA","SOC224","CRIMINAL JUSTICE INTERNSHIP","2001/09","Text/ASCII","https://njtransfer.org/artweb/artup/SA.SOC224.200109.syl.txt"
"SA","SPA101","ELEMENTARY SPANISH I","2010/02","Text/ASCII","https://njtransfer.org/artweb/artup/SA.SPA101.201002.syl.txt"
"SA","SPA102","ELEMENTARY SPANISH II","2001/09","Text/ASCII","https://njtransfer.org/artweb/artup/SA.SPA102.200109.syl.txt"
