SI,Course_ID,Course_Title,01_960_463_01,01_960_486_01,CALCULUS_1,CALCULUS_1_152,CS461_SPRING2023,CS462__INTRODUCTION_TO_DEEP_LEARNING,DATA_STRUCTURES,DMDS_DESCRIPTION,INTERMEDIATE_STAT_ANALYSIS_384:484,INTRODUCTION_TO_COMPUTER_SCIENCE,LINEAR_ALGEBRA,RUTGERS_NB_DATA_101_COURSE_DETAILS_AUG_16_2022,STATISTICS_II,STATISTICS_REPORT_01,STAT_METHODS_IN_BUS,SYLLABUS_-_DATA_IN_CONTEXT_-_FALL_2024_-_10516,SYLLABUS_FOR_2021SP_-_DISCRT_II_01_198_206
AT,MATH070,MATH SKILLS REVIEW,0,0,0,0,0,0,0,0,0,0,0,0,0,0,0,0,0
AT,MATH071,FOUNDATIONAL MATH,0,0,0,0,0,0,0,0,0,0,0,0,0,0,0,0,0
AT,MATH073,INTRODUCTION TO ALGEBRA I - PRE-ALGEBRA,1,1,1,1,1,1,1,1,1,1,1,1,1,1,1,1,1
AT,MATH074,INTRODUCTION TO ALGEBRA II,1,1,1,1,1,1,1,1,1,1,1,1,1,1,1,1,1
AT,MATH080,ELEMENTARY ALGEBRA,0,0,0,0,0,0,0,0,0,0,0,0,0,0,0,0,0
AT,MATH099,ACCELERATED ELEMENTARY ALGEBRA,0,0,0,0,0,0,0,0,0,0,0,0,0,0,0,0,0
AT,MATH119,INTERMEDIATE ALGEBRA,1,1,1,1,1,1,1,1,1,1,1,1,1,1,1,1,1
AT,MATH121,APPLICATIONS OF MATHEMATICS,1,1,1,1,1,1,1,1,1,1,1,1,1,1,1,1,1
AT,MATH122,COLLEGE ALGEBRA,1,1,1,1,1,1,1,1,1,1,1,1,1,1,1,1,1
AT,MATH128,TRIGONOMETRY,1,1,1,1,1,1,1,1,1,1,1,1,1,1,1,1,1
AT,MATH150,PRE-CALCULUS,1,1,1,1,1,1,1,1,1,1,1,1,1,1,1,1,1
AT,MATH152,LINEAR ALGEBRA,1,1,1,1,1,1,1,1,1,1,1,1,1,1,1,1,1
AT,MATH153,DISCRETE MATHEMATICS,1,1,1,1,1,1,1,1,1,1,1,1,1,1,1,1,1
AT,MATH155,CALCULUS I,1,1,1,1,1,1,1,1,1,1,1,1,1,1,1,1,1
AT,MATH156,CALCULUS II,1,1,1,1,1,1,1,1,1,1,1,1,1,1,1,1,1
AT,MATH210,STATISTICS,1,1,1,1,1,1,1,1,1,1,1,1,1,1,1,1,1
AT,MATH220,STATISTICAL METHODS,1,1,1,1,1,1,1,1,1,1,1,1,1,1,1,1,1
AT,MATH225,"CALCULUS FOR BUSINESS, ECONOMICS AND LIFE SCIENCES",1,1,1,1,1,1,1,1,1,1,1,1,1,1,1,1,1
AT,MATH255,CALCULUS III,1,1,1,1,1,1,1,1,1,1,1,1,1,1,1,1,1
AT,MATH256,DIFFERENTIAL EQUATIONS,1,1,1,1,1,1,1,1,1,1,1,1,1,1,1,1,1
BE,CIS277,DATA STRUCTURES AND ALGORITHMS,1,1,1,1,1,1,1,1,1,1,1,1,1,1,1,1,1
BE,CIS278,DATABASE SYSTEMS,0,0,0,0,0,0,0,0,0,0,0,0,0,0,0,0,0
BE,INF151,DATABASE: ACCESS,1,1,1,1,1,1,1,1,1,1,1,1,1,1,1,1,1
BE,INF160,NETWORKING TECHNOLOGIES AND DATA COMMUNICATIONS,1,1,1,1,1,1,1,1,1,1,1,1,1,1,1,1,1
BE,INF161,INTERNET RESEARCH AND DATA HANDLING,1,1,1,1,1,1,1,1,1,1,1,1,1,1,1,1,1
BE,INF217,DATABASE FOR APPLICATIONS (ORACLE),1,1,1,1,1,1,1,1,1,1,1,1,1,1,1,1,1
BE,INF218,DATABASE PROGRAMMING,1,1,1,1,1,1,1,1,1,1,1,1,1,1,1,1,1
BE,INF219,DATABASE ADMINISTRATION,1,1,1,1,1,1,1,1,1,1,1,1,1,1,1,1,1
BE,INF245,"DATABASE:SQL, STRUCTURED QUERY LANGUAGE",1,1,1,1,1,1,1,1,1,1,1,1,1,1,1,1,1
BE,MAT010,BASIC MATHEMATICS SUPPORT,0,0,0,0,0,0,0,0,0,0,0,0,0,0,0,0,0
BE,MAT011,BASIC MATHEMATICS,0,0,0,0,0,0,0,0,0,0,0,0,0,0,0,0,0
BE,MAT012,ACCELERATED BASIC MATHEMATICS,0,0,0,0,0,0,0,0,0,0,0,0,0,0,0,0,0
BE,MAT030,ALGEBRA REVIEW,0,0,0,0,0,0,0,0,0,0,0,0,0,0,0,0,0
BE,MAT031,ALGEBRA A,1,1,1,1,1,1,1,1,1,1,1,1,1,1,1,1,1
BE,MAT032,ALGEBRA B,1,1,1,1,1,1,1,1,1,1,1,1,1,1,1,1,1
BE,MAT033,ALGEBRA A SUPPORT,0,0,0,0,0,0,0,0,0,0,0,0,0,0,0,0,0
BE,MAT034,ALGEBRA B SUPPORT,0,0,0,0,0,0,0,0,0,0,0,0,0,0,0,0,0
BE,MAT035,ALGEBRA,1,1,1,1,1,1,1,1,1,1,1,1,1,1,1,1,1
BE,MAT040,ALGEBRA FOR LIBERAL ARTS,0,0,0,0,0,0,0,0,0,0,0,0,0,0,0,0,0
BE,MAT044,ALGEBRA TOPICS,1,1,1,1,1,1,1,1,1,1,1,1,1,1,1,1,1
BE,MAT045,INTERMEDIATE ALGEBRA,1,1,1,1,1,1,1,1,1,1,1,1,1,1,1,1,1
BE,MAT090,INTERMEDIATE ALGEBRA SUPPORT,0,0,0,0,0,0,0,0,0,0,0,0,0,0,0,0,0
BE,MAT091,PRE-CALCULUS SUPPORT,0,0,0,0,0,0,0,0,0,0,0,0,0,0,0,0,0
BE,MAT092,CALCULUS I SUPPORT,0,0,0,0,0,0,0,0,0,0,0,0,0,0,0,0,0
BE,MAT093,CALCULUS II SUPPORT,0,0,0,0,0,0,0,0,0,0,0,0,0,0,0,0,0
BE,MAT116,TECHNICAL MATHEMATICS I,1,1,1,1,1,1,1,1,1,1,1,1,1,1,1,1,1
BE,MAT130,CONTEMPORARY MATHEMATICS,1,1,1,1,1,1,1,1,1,1,1,1,1,1,1,1,1
BE,MAT150,STATISTICS I,1,1,1,1,1,1,1,1,1,1,1,1,1,1,1,1,1
BE,MAT155,FINITE MATHEMATICS,0,0,0,0,0,0,0,0,0,0,0,0,0,0,0,0,0
BE,MAT158,INTRODUCTION TO COMPUTER SCIENCE,1,1,1,1,1,1,1,1,1,1,1,1,1,1,1,1,1
BE,MAT160,INTERMEDIATE ALGEBRA,1,1,1,1,1,1,1,1,1,1,1,1,1,1,1,1,1
BE,MAT163,COMPUTER PROGRAMMING: Q BASIC,1,1,1,1,1,1,1,1,1,1,1,1,1,1,1,1,1
BE,MAT165,C++ PROGRAMMING I,1,1,1,1,1,1,1,1,1,1,1,1,1,1,1,1,1
BE,MAT180,PRE-CALCULUS: COLLEGE ALGEBRA AND TRIGONOMETRY,1,1,1,1,1,1,1,1,1,1,1,1,1,1,1,1,1
BE,MAT222,TECHNICAL MATHEMATICS II,1,1,1,1,1,1,1,1,1,1,1,1,1,1,1,1,1
BE,MAT223,CALCULUS FOR MANAGEMENT AND SOCIAL SCIENCES,1,1,1,1,1,1,1,1,1,1,1,1,1,1,1,1,1
BE,MAT250,STATISTICS II,1,1,1,1,1,1,1,1,1,1,1,1,1,1,1,1,1
BE,MAT265,C++ PROGRAMMING II,1,1,1,1,1,1,1,1,1,1,1,1,1,1,1,1,1
BE,MAT266,COMPUTER PROGRAMMING: VISUAL BASIC,1,1,1,1,1,1,1,1,1,1,1,1,1,1,1,1,1
BE,MAT268,STATISTICAL METHODS,1,1,1,1,1,1,1,1,1,1,1,1,1,1,1,1,1
BE,MAT271,COMPUTER ORGANIZATION AND ASSEMBLY LANGUAGE I,1,1,1,1,1,1,1,1,1,1,1,1,1,1,1,1,1
BE,MAT272,FORTRAN PROGRAMMING,1,1,1,1,1,1,1,1,1,1,1,1,1,1,1,1,1
BE,MAT274,COMPUTER ORGANIZATION AND ASSEMBLY LANGUAGE II,1,1,1,1,1,1,1,1,1,1,1,1,1,1,1,1,1
BE,MAT275,COBOL FOR COMPUTER SCIENCE,1,1,1,1,1,1,1,1,1,1,1,1,1,1,1,1,1
BE,MAT277,DATA STRUCTURES AND ALGORITHMS,1,1,1,1,1,1,1,1,1,1,1,1,1,1,1,1,1
BE,MAT278,DATABASE SYSTEMS,1,1,1,1,1,1,1,1,1,1,1,1,1,1,1,1,1
BE,MAT280,CALCULUS I,1,1,1,1,1,1,1,1,1,1,1,1,1,1,1,1,1
BE,MAT281,CALCULUS II,1,1,1,1,1,1,1,1,1,1,1,1,1,1,1,1,1
BE,MAT282,CALCULUS III,1,1,1,1,1,1,1,1,1,1,1,1,1,1,1,1,1
BE,MAT283,DIFFERENTIAL EQUATIONS,1,1,1,1,1,1,1,1,1,1,1,1,1,1,1,1,1
BE,MAT285,DISCRETE MATHEMATICS,1,1,1,1,1,1,1,1,1,1,1,1,1,1,1,1,1
BE,MAT286,LINEAR ALGEBRA,1,1,1,1,1,1,1,1,1,1,1,1,1,1,1,1,1
BE,MAT287,OBJECT-ORIENTED PROGRAMMING IN C++,1,1,1,1,1,1,1,1,1,1,1,1,1,1,1,1,1
BE,MAT288,DISCRETE MATHEMATICS FOR COMPUTER SCIENCE,1,1,1,1,1,1,1,1,1,1,1,1,1,1,1,1,1
BE,MAT289,SYSTEMS ANALYSIS AND DESIGN FOR COMPUTER SCIENCE,1,1,1,1,1,1,1,1,1,1,1,1,1,1,1,1,1
BE,MAT461,CO-OP WORK EXPERIENCE (COMPUTER SCIENCE),1,1,1,1,1,1,1,1,1,1,1,1,1,1,1,1,1
BE,MAT462,CO-OP WORK EXPERIENCE (COMPUTER SCIENCE),1,1,1,1,1,1,1,1,1,1,1,1,1,1,1,1,1
BE,MAT463,CO-OP WORK EXPERIENCE (COMPUTER SCIENCE),1,1,1,1,1,1,1,1,1,1,1,1,1,1,1,1,1
BR,COMP101,ADAPTIVE COMPUTER TECHNOLOGY I,1,1,1,1,1,1,1,1,1,1,1,1,1,1,1,1,1
BR,COMP105,INTRODUCTION TO THE INTERNET,1,1,1,1,1,1,1,1,1,1,1,1,1,1,1,1,1
BR,COMP116,INTRODUCTION TO DIGITAL PROGRAMMING,1,1,1,1,1,1,1,1,1,1,1,1,1,1,1,1,1
BR,COMP126,COMPUTER LOGIC AND DESIGN,1,1,1,1,1,1,1,1,1,1,1,1,1,1,1,1,1
BR,COMP128,FUNDAMENTALS OF PROGRAMMING,1,1,1,1,1,1,1,1,1,1,1,1,1,1,1,1,1
BR,COMP129,INFORMATION TECHNOLOGY,1,1,1,1,1,1,1,1,1,1,1,1,1,1,1,1,1
BR,COMP131,PROGRAMMING USING COBOL,1,1,1,1,1,1,1,1,1,1,1,1,1,1,1,1,1
BR,COMP132,STRUCTURED PROGRAMMING USING C++,1,1,1,1,1,1,1,1,1,1,1,1,1,1,1,1,1
BR,COMP135,COMPUTER ARCHITECTURE USING ASSEMBLY LANGUAGE,1,1,1,1,1,1,1,1,1,1,1,1,1,1,1,1,1
BR,COMP137,PROGRAMMING FOR ENGINEERS,1,1,1,1,1,1,1,1,1,1,1,1,1,1,1,1,1
BR,COMP138,PROGRAMMING USING PYTHON,1,1,1,1,1,1,1,1,1,1,1,1,1,1,1,1,1
BR,COMP140,DESIGNING/DEVELOPING WEB SITES,1,1,1,1,1,1,1,1,1,1,1,1,1,1,1,1,1
BR,COMP145,INTRODUCTION TO UNIX,1,1,1,1,1,1,1,1,1,1,1,1,1,1,1,1,1
BR,COMP165,INTRODUCTION TO ORACLE,1,1,1,1,1,1,1,1,1,1,1,1,1,1,1,1,1
BR,COMP166,WEB DESIGN USING HTML,1,1,1,1,1,1,1,1,1,1,1,1,1,1,1,1,1
BR,COMP167,CLIENT SIDE SCRIPTING,1,1,1,1,1,1,1,1,1,1,1,1,1,1,1,1,1
BR,COMP168,SERVER SIDE SCRIPTING,1,1,1,1,1,1,1,1,1,1,1,1,1,1,1,1,1
BR,COMP171,PROGRAMMING I,1,1,1,1,1,1,1,1,1,1,1,1,1,1,1,1,1
BR,COMP175,GAME DESIGN AND DEVELOPMENT,1,1,1,1,1,1,1,1,1,1,1,1,1,1,1,1,1
BR,COMP185,PROGRAMMING IN C#,1,1,1,1,1,1,1,1,1,1,1,1,1,1,1,1,1
BR,COMP190,MCSE WINDOWS 2000 PROFESSIONAL,1,1,1,1,1,1,1,1,1,1,1,1,1,1,1,1,1
BR,COMP191,MCSE WINDOWS 2000 SERVER,1,1,1,1,1,1,1,1,1,1,1,1,1,1,1,1,1
BR,COMP192,MCSE WINDOWS 2000 NETWORK INFRASTRUCTURE,1,1,1,1,1,1,1,1,1,1,1,1,1,1,1,1,1
BR,COMP193,MCSE WINDOWS 2000 DIRECT SERVICES,1,1,1,1,1,1,1,1,1,1,1,1,1,1,1,1,1
BR,COMP194,MCSE DESIGN WINDOWS 2000 DIRECT SERVICES,1,1,1,1,1,1,1,1,1,1,1,1,1,1,1,1,1
BR,COMP195,MCSE DESIGN SECURITY WINDOWS 2000,1,1,1,1,1,1,1,1,1,1,1,1,1,1,1,1,1
BR,COMP196,MCSE DESIGN WINDOWS 2000 NET INFRASTRUCTURE,1,1,1,1,1,1,1,1,1,1,1,1,1,1,1,1,1
BR,COMP225,OPERATING SYSTEMS TECHNOLOGY,1,1,1,1,1,1,1,1,1,1,1,1,1,1,1,1,1
BR,COMP226,SYSTEMS ANALYSIS AND DESIGN,1,1,1,1,1,1,1,1,1,1,1,1,1,1,1,1,1
BR,COMP228,DATA STRUCTURES,1,1,1,1,1,1,1,1,1,1,1,1,1,1,1,1,1
BR,COMP232,ADVANCED COBOL PROGRAMMING,1,1,1,1,1,1,1,1,1,1,1,1,1,1,1,1,1
BR,COMP233,OBJECT ORIENTED PROGRAMMING USING C++,1,1,1,1,1,1,1,1,1,1,1,1,1,1,1,1,1
BR,COMP235,PROGRAMMING FOR MOBILE DEVICES,1,1,1,1,1,1,1,1,1,1,1,1,1,1,1,1,1
BR,COMP238,PROGRAMMING USING PYTHON,1,1,1,1,1,1,1,1,1,1,1,1,1,1,1,1,1
BR,COMP245,INTERNET PROGRAMMING JAVA,1,1,1,1,1,1,1,1,1,1,1,1,1,1,1,1,1
BR,COMP246,FULL STACK WEB DEVELOPMENT,0,0,0,0,0,0,0,0,0,0,0,0,0,0,0,0,0
BR,COMP261,LOCAL AREA NETWORKS,1,1,1,1,1,1,1,1,1,1,1,1,1,1,1,1,1
BR,COMP265,SPREADSHEETS USING EXCEL,1,1,1,1,1,1,1,1,1,1,1,1,1,1,1,1,1
BR,COMP266,DATA BASE USING ACCESS,1,1,1,1,1,1,1,1,1,1,1,1,1,1,1,1,1
BR,COMP267,CLIENT SIDE USING JAVA SCRIPT,1,1,1,1,1,1,1,1,1,1,1,1,1,1,1,1,1
BR,COMP268,SERVER SIDE SCRIPTING,1,1,1,1,1,1,1,1,1,1,1,1,1,1,1,1,1
BR,COMP269,DATABASE CONCEPTS,1,1,1,1,1,1,1,1,1,1,1,1,1,1,1,1,1
BR,COMP271,PROGRAMMING II,1,1,1,1,1,1,1,1,1,1,1,1,1,1,1,1,1
BR,COMP275,GAME PROGRAMMING I,1,1,1,1,1,1,1,1,1,1,1,1,1,1,1,1,1
BR,COMP276,GAME LEVEL DESIGN,1,1,1,1,1,1,1,1,1,1,1,1,1,1,1,1,1
BR,COMP277,GAME PROGRAMMING II,1,1,1,1,1,1,1,1,1,1,1,1,1,1,1,1,1
BR,COMP285,BUSINESS SYSTEMS DESIGN,1,1,1,1,1,1,1,1,1,1,1,1,1,1,1,1,1
BR,COMP286,MATH/SCIENCE PROJECT,1,1,1,1,1,1,1,1,1,1,1,1,1,1,1,1,1
BR,COMP295,SPECIAL PROJECT - COMPUTER SCIENCE,1,1,1,1,1,1,1,1,1,1,1,1,1,1,1,1,1
BR,COMP296,ADVANCED SOFTWARE PROJECT,1,1,1,1,1,1,1,1,1,1,1,1,1,1,1,1,1
BR,COMP299,COMPUTER SCIENCE INTERNSHIP,0,0,0,0,0,0,0,0,0,0,0,0,0,0,0,0,0
BR,COMP99C,DESIGNING/DEVELOPING WEB SITES,1,1,1,1,1,1,1,1,1,1,1,1,1,1,1,1,1
BR,MATH011,PREALGEBRA - PART I,0,0,0,0,0,0,0,0,0,0,0,0,0,0,0,0,0
BR,MATH012,PREALGEBRA - PART II,0,0,0,0,0,0,0,0,0,0,0,0,0,0,0,0,0
BR,MATH015,PREALGEBRA,0,0,0,0,0,0,0,0,0,0,0,0,0,0,0,0,0
BR,MATH021,INTRODUCTORY ALGEBRA,0,0,0,0,0,0,0,0,0,0,0,0,0,0,0,0,0
BR,MATH022,ALGEBRA SKILLS,0,0,0,0,0,0,0,0,0,0,0,0,0,0,0,0,0
BR,MATH025,ELEMENTARY ALGEBRA,1,1,1,1,1,1,1,1,1,1,1,1,1,1,1,1,1
BR,MATH035,GEOMETRY,0,0,0,0,0,0,0,0,0,0,0,0,0,0,0,0,0
BR,MATH045,MATH STRATEGIES FOR SUCCESS,0,0,0,0,0,0,0,0,0,0,0,0,0,0,0,0,0
BR,MATH131,STATISTICS,1,1,1,1,1,1,1,1,1,1,1,1,1,1,1,1,1
BR,MATH132,INTRODUCTION TO DATA SCIENCE + APPLIED STATISTICS,1,1,1,1,1,1,1,1,1,1,1,1,1,1,1,1,1
BR,MATH136,MATHEMATICS FOR THE LIBERAL ARTS,1,1,1,1,1,1,1,1,1,1,1,1,1,1,1,1,1
BR,MATH137,FINITE MATHEMATICS,0,0,0,0,0,0,0,0,0,0,0,0,0,0,0,0,0
BR,MATH145,ALGEBRAIC MODELING,1,1,1,1,1,1,1,1,1,1,1,1,1,1,1,1,1
BR,MATH146,ADVANCED TOPICS IN MATHEMATICS FOR THE LIBERAL ART,1,1,1,1,1,1,1,1,1,1,1,1,1,1,1,1,1
BR,MATH151,INTERMEDIATE ALGEBRA,1,1,1,1,1,1,1,1,1,1,1,1,1,1,1,1,1
BR,MATH152,COLLEGE ALGEBRA AND TRIGONOMETRY,1,1,1,1,1,1,1,1,1,1,1,1,1,1,1,1,1
BR,MATH153,PRE-CALCULUS MATHEMATICS,1,1,1,1,1,1,1,1,1,1,1,1,1,1,1,1,1
BR,MATH156,MATHEMATICS FOR MANAGEMENT AND THE SOCIAL SCIENCES,1,1,1,1,1,1,1,1,1,1,1,1,1,1,1,1,1
BR,MATH161,TECHNICAL MATHEMATICS I,1,1,1,1,1,1,1,1,1,1,1,1,1,1,1,1,1
BR,MATH162,TECHNICAL MATHEMATICS II,1,1,1,1,1,1,1,1,1,1,1,1,1,1,1,1,1
BR,MATH171,CALCULUS I,1,1,1,1,1,1,1,1,1,1,1,1,1,1,1,1,1
BR,MATH172,CALCULUS II,1,1,1,1,1,1,1,1,1,1,1,1,1,1,1,1,1
BR,MATH176,CALCULUS BUSINESS APPLICATIONS,1,1,1,1,1,1,1,1,1,1,1,1,1,1,1,1,1
BR,MATH226,DISCRETE MATHEMATICS,1,1,1,1,1,1,1,1,1,1,1,1,1,1,1,1,1
BR,MATH263,APPLIED TECHNICAL CALCULUS,1,1,1,1,1,1,1,1,1,1,1,1,1,1,1,1,1
BR,MATH273,CALCULUS III,1,1,1,1,1,1,1,1,1,1,1,1,1,1,1,1,1
BR,MATH274,ELEMENTARY DIFFERENTIAL EQUATIONS,1,1,1,1,1,1,1,1,1,1,1,1,1,1,1,1,1
BR,MATH285,LINEAR ALGEBRA,1,1,1,1,1,1,1,1,1,1,1,1,1,1,1,1,1
BR,MATH295,SPECIAL PROJECT - MATHEMATICS,1,1,1,1,1,1,1,1,1,1,1,1,1,1,1,1,1
BR,MATH299,MATHEMATICS INTERNSHIP,0,0,0,0,0,0,0,0,0,0,0,0,0,0,0,0,0
BU,CIS227,DATA STRUCTURES,1,1,1,1,1,1,1,1,1,1,1,1,1,1,1,1,1
BU,CSE114,OBJECT ORIENTED PROGRAMMING AND DATA ABSTRACTION,1,1,1,1,1,1,1,1,1,1,1,1,1,1,1,1,1
BU,CSE115,INTRODUCTION TO DATA SCIENCE,1,1,1,1,1,1,1,1,1,1,1,1,1,1,1,1,1
BU,CSE213,DATABASE SYSTEMS,1,1,1,1,1,1,1,1,1,1,1,1,1,1,1,1,1
BU,MTH007,INTRODUCTION TO STATISTICS CLINIC,0,0,0,0,0,0,0,0,0,0,0,0,0,0,0,0,0
BU,MTH008,QUANTITATIVE REASONING CLINIC,0,0,0,0,0,0,0,0,0,0,0,0,0,0,0,0,0
BU,MTH012,COLLEGE ALGEBRA CLINIC,0,0,0,0,0,0,0,0,0,0,0,0,0,0,0,0,0
BU,MTH013,MODERN COLLEGE MATHEMATICS CLINIC,0,0,0,0,0,0,0,0,0,0,0,0,0,0,0,0,0
BU,MTH016,PRECALCULUS A CLINIC,0,0,0,0,0,0,0,0,0,0,0,0,0,0,0,0,0
BU,MTH017,PRECALCULUS B CLINIC,0,0,0,0,0,0,0,0,0,0,0,0,0,0,0,0,0
BU,MTH030,Accelerated Precalculus Clinic,1,1,1,1,1,1,1,1,1,1,1,1,1,1,1,1,1
BU,MTH032,COLLEGE ALGEBRA FOR BUSINESS CLINIC,0,0,0,0,0,0,0,0,0,0,0,0,0,0,0,0,0
BU,MTH055,PRE-ALGEBRA,0,0,0,0,0,0,0,0,0,0,0,0,0,0,0,0,0
BU,MTH075,ELEMENTARY ALGEBRA,0,0,0,0,0,0,0,0,0,0,0,0,0,0,0,0,0
BU,MTH084,THINKING ALGEBRAICALLY LAB,0,0,0,0,0,0,0,0,0,0,0,0,0,0,0,0,0
BU,MTH085,THINKING ALGEBRAICALLY,1,1,1,1,1,1,1,1,1,1,1,1,1,1,1,1,1
BU,MTH095,INTERMEDIATE ALGEBRA,0,0,0,0,0,0,0,0,0,0,0,0,0,0,0,0,0
BU,MTH104,BUSINESS MATHEMATICS,0,0,0,0,0,0,0,0,0,0,0,0,0,0,0,0,0
BU,MTH107,INTRODUCTION TO STATISTICS,1,1,1,1,1,1,1,1,1,1,1,1,1,1,1,1,1
BU,MTH108,QUANTITATIVE REASONING,1,1,1,1,1,1,1,1,1,1,1,1,1,1,1,1,1
BU,MTH111,TRIGONOMETRY,1,1,1,1,1,1,1,1,1,1,1,1,1,1,1,1,1
BU,MTH112,COLLEGE ALGEBRA,1,1,1,1,1,1,1,1,1,1,1,1,1,1,1,1,1
BU,MTH113,MODERN COLLEGE MATHEMATICS I,1,1,1,1,1,1,1,1,1,1,1,1,1,1,1,1,1
BU,MTH116,PRECALCULUS A,1,1,1,1,1,1,1,1,1,1,1,1,1,1,1,1,1
BU,MTH117,PRECALCULUS B,1,1,1,1,1,1,1,1,1,1,1,1,1,1,1,1,1
BU,MTH118,CALCULUS I AND ANALYTIC GEOMETRY,1,1,1,1,1,1,1,1,1,1,1,1,1,1,1,1,1
BU,MTH119,CALCULUS II AND ANALYTIC GEOMETRY,1,1,1,1,1,1,1,1,1,1,1,1,1,1,1,1,1
BU,MTH126,APPLIED CALCULUS FOR EET,1,1,1,1,1,1,1,1,1,1,1,1,1,1,1,1,1
BU,MTH127,INTERMEDIATE ALGEBRA,1,1,1,1,1,1,1,1,1,1,1,1,1,1,1,1,1
BU,MTH130,Accelerated Precalculus,1,1,1,1,1,1,1,1,1,1,1,1,1,1,1,1,1
BU,MTH132,COLLEGE ALGEBRA FOR BUSINESS,1,1,1,1,1,1,1,1,1,1,1,1,1,1,1,1,1
BU,MTH141,ELEMENTARY QUANTITATIVE METHODS FOR MANAGEMENT,1,1,1,1,1,1,1,1,1,1,1,1,1,1,1,1,1
BU,MTH142,CALCULUS: TECHNIQUES AND APPLICATIONS,1,1,1,1,1,1,1,1,1,1,1,1,1,1,1,1,1
BU,MTH143,STATISTICS I,1,1,1,1,1,1,1,1,1,1,1,1,1,1,1,1,1
BU,MTH144,STATISTICS II,1,1,1,1,1,1,1,1,1,1,1,1,1,1,1,1,1
BU,MTH145,APPLIED CALCULUS,1,1,1,1,1,1,1,1,1,1,1,1,1,1,1,1,1
BU,MTH201,LINEAR ALGEBRA,1,1,1,1,1,1,1,1,1,1,1,1,1,1,1,1,1
BU,MTH211,STRUCTURES OF MATHEMATICS I,1,1,1,1,1,1,1,1,1,1,1,1,1,1,1,1,1
BU,MTH212,STRUCTURES OF MATHEMATICS II,1,1,1,1,1,1,1,1,1,1,1,1,1,1,1,1,1
BU,MTH220,CALCULUS III AND ANALYTIC GEOMETRY,1,1,1,1,1,1,1,1,1,1,1,1,1,1,1,1,1
BU,MTH226,DISCRETE MATHEMATICS,1,1,1,1,1,1,1,1,1,1,1,1,1,1,1,1,1
BU,MTH230,DIFFERENTIAL EQUATIONS,1,1,1,1,1,1,1,1,1,1,1,1,1,1,1,1,1
BU,MTH243,STATISTICS II,1,1,1,1,1,1,1,1,1,1,1,1,1,1,1,1,1
BU,MTH280,BIOMETRY,1,1,1,1,1,1,1,1,1,1,1,1,1,1,1,1,1
BU,MTH291,SPECIAL PROJECTS IN MATHEMATICS I,0,0,0,0,0,0,0,0,0,0,0,0,0,0,0,0,0
BU,MTH292,SPECIAL PROJECTS IN MATHEMATICS II,0,0,0,0,0,0,0,0,0,0,0,0,0,0,0,0,0
BU,MTH293,SPECIAL PROJECTS IN MATHEMATICS III,0,0,0,0,0,0,0,0,0,0,0,0,0,0,0,0,0
CA,CIS103,DATABASE MANAGEMENT,1,1,1,1,1,1,1,1,1,1,1,1,1,1,1,1,1
CA,CIS237,RELATIONAL DATABASE CONCEPTS,1,1,1,1,1,1,1,1,1,1,1,1,1,1,1,1,1
CA,CIS238,DATABASE SECURITY AND PROTECTION,1,1,1,1,1,1,1,1,1,1,1,1,1,1,1,1,1
CA,CIS239,DATABASE ADMINISTRATION PRINCIPLES,1,1,1,1,1,1,1,1,1,1,1,1,1,1,1,1,1
CA,CIS241,RELATIONAL DATABASE MANAGEMENT I,1,1,1,1,1,1,1,1,1,1,1,1,1,1,1,1,1
CA,CIS242,RELATIONAL DATABASE MANAGEMENT II,1,1,1,1,1,1,1,1,1,1,1,1,1,1,1,1,1
CA,CIS243,RELATIONAL DATABASE MANAGEMENT III,1,1,1,1,1,1,1,1,1,1,1,1,1,1,1,1,1
CA,CIS245,DATABASE ADMINISTRATION USING ORACLE,1,1,1,1,1,1,1,1,1,1,1,1,1,1,1,1,1
CA,CIS246,DATABASE ADMINISTRATION USING ORACLE II,1,1,1,1,1,1,1,1,1,1,1,1,1,1,1,1,1
CA,DSC101,DATA SCIENCE I,1,1,1,1,1,1,1,1,1,1,1,1,1,1,1,1,1
CA,DSC102,DATA SCIENCE II,1,1,1,1,1,1,1,1,1,1,1,1,1,1,1,1,1
CA,DSC203,DATA SCIENCE III,1,1,1,1,1,1,1,1,1,1,1,1,1,1,1,1,1
CA,DSC230,STATISTICAL AND MACHINE LEARNING,1,1,1,1,1,1,1,1,1,1,1,1,1,1,1,1,1
CA,DSC250,DATA VISUALIZATION AND PRESENTATION,1,1,1,1,1,1,1,1,1,1,1,1,1,1,1,1,1
CA,DSC280,DATA IN CONTEXT-A CAPSTONE EXPERIENCE,0,0,0,0,0,0,0,0,0,0,0,0,0,0,0,0,0
CA,MTH090,USING THE TI-83,1,1,1,1,1,1,1,1,1,1,1,1,1,1,1,1,1
CA,MTH100,ALGEBRAIC CONCEPTS,1,1,1,1,1,1,1,1,1,1,1,1,1,1,1,1,1
CA,MTH101,CONCEPTS OF MATH,1,1,1,1,1,1,1,1,1,1,1,1,1,1,1,1,1
CA,MTH102,SURVEY OF MATH I,0,0,0,0,0,0,0,0,0,0,0,0,0,0,0,0,0
CA,MTH103,TOPICS IN MATHEMATICS,1,1,1,1,1,1,1,1,1,1,1,1,1,1,1,1,1
CA,MTH104,MATH FOR ANIMAL SCIENCE,1,1,1,1,1,1,1,1,1,1,1,1,1,1,1,1,1
CA,MTH105,MATHEMATICAL SYSTEMS I: STRUCTURES,1,1,1,1,1,1,1,1,1,1,1,1,1,1,1,1,1
CA,MTH106,MATHEMATICAL SYSTEMS II: GEOMETRY,1,1,1,1,1,1,1,1,1,1,1,1,1,1,1,1,1
CA,MTH107,MATH FOR LIBERAL ARTS,1,1,1,1,1,1,1,1,1,1,1,1,1,1,1,1,1
CA,MTH109,INTERMEDIATE ALGEBRA EXTENDED,1,1,1,1,1,1,1,1,1,1,1,1,1,1,1,1,1
CA,MTH110,INTERMEDIATE ALGEBRA,1,1,1,1,1,1,1,1,1,1,1,1,1,1,1,1,1
CA,MTH111,INTRODUCTION TO STATISTICS,1,1,1,1,1,1,1,1,1,1,1,1,1,1,1,1,1
CA,MTH112,ELEMENTS OF STATISTICS II,1,1,1,1,1,1,1,1,1,1,1,1,1,1,1,1,1
CA,MTH114,COLLEGE ALGEBRA FOR BUSINESS AND SOCIAL SCIENCE,1,1,1,1,1,1,1,1,1,1,1,1,1,1,1,1,1
CA,MTH117,EXPLORATIONS IN MATHEMATICAL THOUGHT,1,1,1,1,1,1,1,1,1,1,1,1,1,1,1,1,1
CA,MTH117H,HONORS EXPLORATION IN MATHEMATICAL THOUGHT,1,1,1,1,1,1,1,1,1,1,1,1,1,1,1,1,1
CA,MTH120,COLLEGE ALGEBRA,1,1,1,1,1,1,1,1,1,1,1,1,1,1,1,1,1
CA,MTH120H,HONORS COLLEGE ALGEBRA,1,1,1,1,1,1,1,1,1,1,1,1,1,1,1,1,1
CA,MTH121,APPLIED FINITE MATH,1,1,1,1,1,1,1,1,1,1,1,1,1,1,1,1,1
CA,MTH122,APPLIED CALCULUS,1,1,1,1,1,1,1,1,1,1,1,1,1,1,1,1,1
CA,MTH123,PRECALCULUS MATHEMATICS I,1,1,1,1,1,1,1,1,1,1,1,1,1,1,1,1,1
CA,MTH124,PRECALCULUS MATHEMATICS II,1,1,1,1,1,1,1,1,1,1,1,1,1,1,1,1,1
CA,MTH125,ACCELERATED PRECALCULUS,1,1,1,1,1,1,1,1,1,1,1,1,1,1,1,1,1
CA,MTH126,LINEAR SYS/ANAL GEOMETRY,1,1,1,1,1,1,1,1,1,1,1,1,1,1,1,1,1
CA,MTH127,UNIFIED CALCULUS,1,1,1,1,1,1,1,1,1,1,1,1,1,1,1,1,1
CA,MTH128,LINEAR ALGEBRA,1,1,1,1,1,1,1,1,1,1,1,1,1,1,1,1,1
CA,MTH129,DISCRETE MATHEMATICS,1,1,1,1,1,1,1,1,1,1,1,1,1,1,1,1,1
CA,MTH130,TRIGONOMETRY AND ANALYTIC GEOMETRY,1,1,1,1,1,1,1,1,1,1,1,1,1,1,1,1,1
CA,MTH132,STATISTICS FOR TECHNOLOGY,1,1,1,1,1,1,1,1,1,1,1,1,1,1,1,1,1
CA,MTH134,BIOSTATISTICS,1,1,1,1,1,1,1,1,1,1,1,1,1,1,1,1,1
CA,MTH140,CALCULUS I,1,1,1,1,1,1,1,1,1,1,1,1,1,1,1,1,1
CA,MTH140H,HONORS CALCULUS I,1,1,1,1,1,1,1,1,1,1,1,1,1,1,1,1,1
CA,MTH145,LINEAR ALGEBRA,1,1,1,1,1,1,1,1,1,1,1,1,1,1,1,1,1
CA,MTH150,CALCULUS II,1,1,1,1,1,1,1,1,1,1,1,1,1,1,1,1,1
CA,MTH171,STATISTICS I,1,1,1,1,1,1,1,1,1,1,1,1,1,1,1,1,1
CA,MTH172,STATISTICS II,1,1,1,1,1,1,1,1,1,1,1,1,1,1,1,1,1
CA,MTH205,MATH SYSTEMS III: STRUCTURES III,1,1,1,1,1,1,1,1,1,1,1,1,1,1,1,1,1
CA,MTH210,CALCULUS III,1,1,1,1,1,1,1,1,1,1,1,1,1,1,1,1,1
CA,MTH220,DIFFERENTIAL EQUATIONS,1,1,1,1,1,1,1,1,1,1,1,1,1,1,1,1,1
CA,MTH261,INTRODUCTION TO MATHEMATICAL MODELING,1,1,1,1,1,1,1,1,1,1,1,1,1,1,1,1,1
CA,MTH262,PROBABILISTIC MODELS,1,1,1,1,1,1,1,1,1,1,1,1,1,1,1,1,1
CU,CS100,MICROCOMPUTER FUNDAMENTALS,0,0,0,0,0,0,0,0,0,0,0,0,0,0,0,0,0
CU,CS101,INTRODUCTION TO MICROCOMPUTERS,1,1,1,1,1,1,1,1,1,1,1,1,1,1,1,1,1
CU,CS102,APPLICATIONS ON THE MICROCOMPUTER,1,1,1,1,1,1,1,1,1,1,1,1,1,1,1,1,1
CU,CS103,INTRODUCTION TO COMPUTER GRAPHICS,0,0,0,0,0,0,0,0,0,0,0,0,0,0,0,0,0
CU,CS104,INTERMEDIATE BASIC,0,0,0,0,0,0,0,0,0,0,0,0,0,0,0,0,0
CU,CS105,PROGRAMMING LOGIC,1,1,1,1,1,1,1,1,1,1,1,1,1,1,1,1,1
CU,CS106,INTRODUCTION TO THE INTERNET,1,1,1,1,1,1,1,1,1,1,1,1,1,1,1,1,1
CU,CS107,INTERNET VIA INTERNET,0,0,0,0,0,0,0,0,0,0,0,0,0,0,0,0,0
CU,CS108,INTRODUCTION TO WEB PAGE DEVELOPMENT,1,1,1,1,1,1,1,1,1,1,1,1,1,1,1,1,1
CU,CS110,TECHNOLOGICAL LITERACY,0,0,0,0,0,0,0,0,0,0,0,0,0,0,0,0,0
CU,CS111,COMPUTER SCIENCE I,1,1,1,1,1,1,1,1,1,1,1,1,1,1,1,1,1
CU,CS112,COMPUTER SCIENCE II,1,1,1,1,1,1,1,1,1,1,1,1,1,1,1,1,1
CU,CS113,Introduction to Computers,1,1,1,1,1,1,1,1,1,1,1,1,1,1,1,1,1
CU,CS114,Fundamentals of Programming,1,1,1,1,1,1,1,1,1,1,1,1,1,1,1,1,1
CU,CS119,Spreadsheets - EXCEL,1,1,1,1,1,1,1,1,1,1,1,1,1,1,1,1,1
CU,CS120,HELP DESK CUSTOMER SERVICE,0,0,0,0,0,0,0,0,0,0,0,0,0,0,0,0,0
CU,CS121,FORTRAN PROGRAMMING,1,1,1,1,1,1,1,1,1,1,1,1,1,1,1,1,1
CU,CS122,DATA STRUCTURES,0,0,0,0,0,0,0,0,0,0,0,0,0,0,0,0,0
CU,CS123,WEB SITE DEVELOPMENT I,0,0,0,0,0,0,0,0,0,0,0,0,0,0,0,0,0
CU,CS124,WEB SITE DEVELOPMENT II,0,0,0,0,0,0,0,0,0,0,0,0,0,0,0,0,0
CU,CS131,MICROCOMPUTER OPERATING SYSTEMS,1,1,1,1,1,1,1,1,1,1,1,1,1,1,1,1,1
CU,CS132,WEB PAGE DEVELOPMENT I,0,0,0,0,0,0,0,0,0,0,0,0,0,0,0,0,0
CU,CS133,WEB PAGE DEVELOPMENT II,0,0,0,0,0,0,0,0,0,0,0,0,0,0,0,0,0
CU,CS134,WEB PUBLISHING IN Â HTML,0,0,0,0,0,0,0,0,0,0,0,0,0,0,0,0,0
CU,CS135,UNIX,0,0,0,0,0,0,0,0,0,0,0,0,0,0,0,0,0
CU,CS136,E-COMMERCE,0,0,0,0,0,0,0,0,0,0,0,0,0,0,0,0,0
CU,CS137,JAVA SCRIPT,0,0,0,0,0,0,0,0,0,0,0,0,0,0,0,0,0
CU,CS138,CGI/PERL,0,0,0,0,0,0,0,0,0,0,0,0,0,0,0,0,0
CU,CS141,DERIVE,0,0,0,0,0,0,0,0,0,0,0,0,0,0,0,0,0
CU,CS151,DERIVE,0,0,0,0,0,0,0,0,0,0,0,0,0,0,0,0,0
CU,CS156,Web Development - HTML/CSS,1,1,1,1,1,1,1,1,1,1,1,1,1,1,1,1,1
CU,CS157,Advanced Web Development,1,1,1,1,1,1,1,1,1,1,1,1,1,1,1,1,1
CU,CS170,PC SERVICES AND SUPPORT,1,1,1,1,1,1,1,1,1,1,1,1,1,1,1,1,1
CU,CS174,NETWORK ADMINISTRATION,0,0,0,0,0,0,0,0,0,0,0,0,0,0,0,0,0
CU,CS175,CORE CLIENT OPERATING SYSTEM,1,1,1,1,1,1,1,1,1,1,1,1,1,1,1,1,1
CU,CS176,WINDOWS 95/98 ADMINISTRATION,1,1,1,1,1,1,1,1,1,1,1,1,1,1,1,1,1
CU,CS180,ADVANCE NETWORK ADMINISTRATION,1,1,1,1,1,1,1,1,1,1,1,1,1,1,1,1,1
CU,CS181,PROJECT MANAGEMENT,0,0,0,0,0,0,0,0,0,0,0,0,0,0,0,0,0
CU,CS183,INTERNET DEVELOPMENT,1,1,1,1,1,1,1,1,1,1,1,1,1,1,1,1,1
CU,CS184,CORE TECHNOLOGIES AND ADMINISTRATION,1,1,1,1,1,1,1,1,1,1,1,1,1,1,1,1,1
CU,CS203,ASSEMBLY LANGUAGE AND COMPUTER ORGANIZATION,1,1,1,1,1,1,1,1,1,1,1,1,1,1,1,1,1
CU,CS207,Management Information Systems,1,1,1,1,1,1,1,1,1,1,1,1,1,1,1,1,1
CU,CS209,MATH MICROCOMPUTERS,1,1,1,1,1,1,1,1,1,1,1,1,1,1,1,1,1
CU,CS210,DATABASE MANAGEMENT,1,1,1,1,1,1,1,1,1,1,1,1,1,1,1,1,1
CU,CS211,Relational Databases,1,1,1,1,1,1,1,1,1,1,1,1,1,1,1,1,1
CU,CS212,C++ PROGRAMMING,1,1,1,1,1,1,1,1,1,1,1,1,1,1,1,1,1
CU,CS213,COBOL PROGRAMMING,1,1,1,1,1,1,1,1,1,1,1,1,1,1,1,1,1
CU,CS214,RPG/400 PROGRAMMING,1,1,1,1,1,1,1,1,1,1,1,1,1,1,1,1,1
CU,CS215,VISUAL BASIC PROGRAMMING,1,1,1,1,1,1,1,1,1,1,1,1,1,1,1,1,1
CU,CS216,INTERMEDIATE JAVA,1,1,1,1,1,1,1,1,1,1,1,1,1,1,1,1,1
CU,CS217,INTRODUCTION TO NETWORKS,1,1,1,1,1,1,1,1,1,1,1,1,1,1,1,1,1
CU,CS218,WEB PAGE DYNAMICS,0,0,0,0,0,0,0,0,0,0,0,0,0,0,0,0,0
CU,CS219,ELECTRONIC BUSINESS,1,1,1,1,1,1,1,1,1,1,1,1,1,1,1,1,1
CU,CS220,MARKETING ON THE INTERNET,1,1,1,1,1,1,1,1,1,1,1,1,1,1,1,1,1
CU,CS221,C LANGUAGE,1,1,1,1,1,1,1,1,1,1,1,1,1,1,1,1,1
CU,CS222,INTRO TO ANDROID PROGRAMMING IN JAVA,1,1,1,1,1,1,1,1,1,1,1,1,1,1,1,1,1
CU,CS224,IT Help Desk/Technical Support,1,1,1,1,1,1,1,1,1,1,1,1,1,1,1,1,1
CU,CS225,SYSTEMS ANALYSIS,1,1,1,1,1,1,1,1,1,1,1,1,1,1,1,1,1
CU,CS226,NETWORK INFRASTRUCTURE IMPLEMENTATION,1,1,1,1,1,1,1,1,1,1,1,1,1,1,1,1,1
CU,CS227,ACTIVE DIRECTORY DESIGN,1,1,1,1,1,1,1,1,1,1,1,1,1,1,1,1,1
CU,CS228,ACTIVE DIRECTORY DESIGN AND IMPLEMENTATION,1,1,1,1,1,1,1,1,1,1,1,1,1,1,1,1,1
CU,CS229,LINUX INSTALLATION,1,1,1,1,1,1,1,1,1,1,1,1,1,1,1,1,1
CU,CS230,NETWORK SECURITY DESIGN,1,1,1,1,1,1,1,1,1,1,1,1,1,1,1,1,1
CU,CS231,NETWORK INFRASTRUCTURE DESIGN,0,0,0,0,0,0,0,0,0,0,0,0,0,0,0,0,0
CU,CS232,Data Structures and Algorithm,1,1,1,1,1,1,1,1,1,1,1,1,1,1,1,1,1
CU,CS233,ROUTING AND SWITCHING ESSENTIALS,1,1,1,1,1,1,1,1,1,1,1,1,1,1,1,1,1
CU,CS234,SCALING NETWORKS,1,1,1,1,1,1,1,1,1,1,1,1,1,1,1,1,1
CU,CS235,CONNECTING NETWORKS,1,1,1,1,1,1,1,1,1,1,1,1,1,1,1,1,1
CU,CS236,Cloud+,1,1,1,1,1,1,1,1,1,1,1,1,1,1,1,1,1
CU,CS240,SECURITY+,1,1,1,1,1,1,1,1,1,1,1,1,1,1,1,1,1
CU,CS241,COMPUTER FORENSICS,1,1,1,1,1,1,1,1,1,1,1,1,1,1,1,1,1
CU,CS242,PRINCIPLES OF INFORMATION SECURITY,1,1,1,1,1,1,1,1,1,1,1,1,1,1,1,1,1
CU,CS243,WEB SECURITY,1,1,1,1,1,1,1,1,1,1,1,1,1,1,1,1,1
CU,CS256,Web Programming,1,1,1,1,1,1,1,1,1,1,1,1,1,1,1,1,1
CU,CS264,Database Application Development,1,1,1,1,1,1,1,1,1,1,1,1,1,1,1,1,1
CU,CS265,ETHICAL HACKING,1,1,1,1,1,1,1,1,1,1,1,1,1,1,1,1,1
CU,CS270,NETWORKING ESSENTIALS,1,1,1,1,1,1,1,1,1,1,1,1,1,1,1,1,1
CU,CS271,WINDOWS 2000,0,0,0,0,0,0,0,0,0,0,0,0,0,0,0,0,0
CU,CS272,BUILDING INTRANETS,0,0,0,0,0,0,0,0,0,0,0,0,0,0,0,0,0
CU,CS274,TECH SUPPORT NETWARE,0,0,0,0,0,0,0,0,0,0,0,0,0,0,0,0,0
CU,CS275,CORE SERVER OPERATING SYSTEM,1,1,1,1,1,1,1,1,1,1,1,1,1,1,1,1,1
CU,CS276,NT SERVER AND ENTERPRISE IMPLEMENTATION,0,0,0,0,0,0,0,0,0,0,0,0,0,0,0,0,0
CU,CS278,IMPLEMENTATION OF TCP/IP WINDOWS NT,0,0,0,0,0,0,0,0,0,0,0,0,0,0,0,0,0
CU,CS280,DESIGN AND IMPLEMENTATION NETWARE,0,0,0,0,0,0,0,0,0,0,0,0,0,0,0,0,0
CU,CS282,MANAGING MS INTERNET INFO SERVER,0,0,0,0,0,0,0,0,0,0,0,0,0,0,0,0,0
CU,CS284,SQL SERVER ADMINISTRATION AND IMPLEMENTATON,0,0,0,0,0,0,0,0,0,0,0,0,0,0,0,0,0
CU,CS286,BUILDING AN EFFECTIVE WEBSITE,0,0,0,0,0,0,0,0,0,0,0,0,0,0,0,0,0
CU,CS337,Applied Database Technology,1,1,1,1,1,1,1,1,1,1,1,1,1,1,1,1,1
CU,MA103,CALCULUS I,1,1,1,1,1,1,1,1,1,1,1,1,1,1,1,1,1
CU,MA104,CALCULUS II,1,1,1,1,1,1,1,1,1,1,1,1,1,1,1,1,1
CU,MA115,MATHEMATICAL STRUCTURES AND ALGORITHMS,1,1,1,1,1,1,1,1,1,1,1,1,1,1,1,1,1
CU,MA121,PRE-CALCULUS MATHEMATICS,1,1,1,1,1,1,1,1,1,1,1,1,1,1,1,1,1
CU,MA122,BUSINESS CALCULUS,1,1,1,1,1,1,1,1,1,1,1,1,1,1,1,1,1
CU,MA125,CALCULUS FUNDAMENTALS I,1,1,1,1,1,1,1,1,1,1,1,1,1,1,1,1,1
CU,MA130,CALCULUS I,1,1,1,1,1,1,1,1,1,1,1,1,1,1,1,1,1
CU,MA140,CALCULUS II,1,1,1,1,1,1,1,1,1,1,1,1,1,1,1,1,1
CU,MA201,CALCULUS III,1,1,1,1,1,1,1,1,1,1,1,1,1,1,1,1,1
CU,MA205,STATISTICS I,1,1,1,1,1,1,1,1,1,1,1,1,1,1,1,1,1
CU,MA206,STATISTICS II,1,1,1,1,1,1,1,1,1,1,1,1,1,1,1,1,1
CU,MA207,LINEAR ALGEBRA LAB FOR ENGINEERS,0,0,0,0,0,0,0,0,0,0,0,0,0,0,0,0,0
CU,MA208,LINEAR ALGEBRA,1,1,1,1,1,1,1,1,1,1,1,1,1,1,1,1,1
CU,MA210,CALCULUS III,1,1,1,1,1,1,1,1,1,1,1,1,1,1,1,1,1
CU,MA212,Linear Algebra,1,1,1,1,1,1,1,1,1,1,1,1,1,1,1,1,1
EX,CIS101,DATA ENTRY OPERATION I,0,0,0,0,0,0,0,0,0,0,0,0,0,0,0,0,0
EX,CIS102,DATA ENTRY OPERATION II,0,0,0,0,0,0,0,0,0,0,0,0,0,0,0,0,0
EX,CIS137,MICROCOMPUTER DATABASES,1,1,1,1,1,1,1,1,1,1,1,1,1,1,1,1,1
EX,CIS215,DATA COMMUNICATIONS,0,0,0,0,0,0,0,0,0,0,0,0,0,0,0,0,0
EX,CIS237,ADVANCED MICROCOMPUTER DATABASE,1,1,1,1,1,1,1,1,1,1,1,1,1,1,1,1,1
EX,MTH086,INTRODUCTORY ALGEBRA,0,0,0,0,0,0,0,0,0,0,0,0,0,0,0,0,0
EX,MTH086T,INTRODUCTORY ALGEBRA TUTORIAL,0,0,0,0,0,0,0,0,0,0,0,0,0,0,0,0,0
EX,MTH087,INTRODUCTORY ALGEBRA,0,0,0,0,0,0,0,0,0,0,0,0,0,0,0,0,0
EX,MTH091S,Basic Skills for Statistics and Probability I,0,0,0,0,0,0,0,0,0,0,0,0,0,0,0,0,0
EX,MTH092,ELEMENTARY ALGEBRA,0,0,0,0,0,0,0,0,0,0,0,0,0,0,0,0,0
EX,MTH092T,ELEMENTARY ALGEBRA TUTORIAL,0,0,0,0,0,0,0,0,0,0,0,0,0,0,0,0,0
EX,MTH093,CONCEPTS OF ELEMENTARY ALGEBRA,1,1,1,1,1,1,1,1,1,1,1,1,1,1,1,1,1
EX,MTH093S,BASIC SKILLS FOR MODERN MATHEMATICS,0,0,0,0,0,0,0,0,0,0,0,0,0,0,0,0,0
EX,MTH100,INTRODUCTORY COLLEGE MATHEMATICS,1,1,1,1,1,1,1,1,1,1,1,1,1,1,1,1,1
EX,MTH101,STATISTICS AND PROBABILITY I,1,1,1,1,1,1,1,1,1,1,1,1,1,1,1,1,1
EX,MTH102,STATISTICS AND PROBABILITY II,1,1,1,1,1,1,1,1,1,1,1,1,1,1,1,1,1
EX,MTH103,FUNDAMENTAL CONCEPTS OF MODERN MATHEMATICS I,1,1,1,1,1,1,1,1,1,1,1,1,1,1,1,1,1
EX,MTH104,FUNDAMENTAL CONCEPTS MODERN MATH II,0,0,0,0,0,0,0,0,0,0,0,0,0,0,0,0,0
EX,MTH105,DATA PROCESSING MATHEMATICS,0,0,0,0,0,0,0,0,0,0,0,0,0,0,0,0,0
EX,MTH109,TECHNICAL MATHEMATICS,1,1,1,1,1,1,1,1,1,1,1,1,1,1,1,1,1
EX,MTH110,TECHNICAL MATHEMATICS II,0,0,0,0,0,0,0,0,0,0,0,0,0,0,0,0,0
EX,MTH113,COLLEGE ALGEBRA WITH TRIGONOMETRY,0,0,0,0,0,0,0,0,0,0,0,0,0,0,0,0,0
EX,MTH114,UNIFIED CALCULUS I,1,1,1,1,1,1,1,1,1,1,1,1,1,1,1,1,1
EX,MTH116,MEDICAL MATH CALCULATIONS,0,0,0,0,0,0,0,0,0,0,0,0,0,0,0,0,0
EX,MTH117,MATH FOR MANAGEMENT SCIENCE,1,1,1,1,1,1,1,1,1,1,1,1,1,1,1,1,1
EX,MTH118,PRE-CALCULUS,1,1,1,1,1,1,1,1,1,1,1,1,1,1,1,1,1
EX,MTH119,PRE-CALCULUS I,1,1,1,1,1,1,1,1,1,1,1,1,1,1,1,1,1
EX,MTH120,PRE-CALCULUS II,1,1,1,1,1,1,1,1,1,1,1,1,1,1,1,1,1
EX,MTH121,CALCULUS WITH ANALYTIC GEOMETRY I,1,1,1,1,1,1,1,1,1,1,1,1,1,1,1,1,1
EX,MTH122,CALCULUS WITH ANALYTIC GEOMETRY II,1,1,1,1,1,1,1,1,1,1,1,1,1,1,1,1,1
EX,MTH127,BASIC CALCULUS,1,1,1,1,1,1,1,1,1,1,1,1,1,1,1,1,1
EX,MTH136,DISCRETE MATHEMATICS,1,1,1,1,1,1,1,1,1,1,1,1,1,1,1,1,1
EX,MTH141,MATHEMATICAL STATISTICS,1,1,1,1,1,1,1,1,1,1,1,1,1,1,1,1,1
EX,MTH213,UNIFIED CALCULUS II,1,1,1,1,1,1,1,1,1,1,1,1,1,1,1,1,1
EX,MTH221,CALCULUS WITH ANALYTIC GEOMETRY III,1,1,1,1,1,1,1,1,1,1,1,1,1,1,1,1,1
EX,MTH222,DIFFERENTIAL EQUATIONS,1,1,1,1,1,1,1,1,1,1,1,1,1,1,1,1,1
EX,MTH235,NUMERICAL METHODS,1,1,1,1,1,1,1,1,1,1,1,1,1,1,1,1,1
EX,MTH239,INTRODUCTION TO LINEAR ALGEBRA,1,1,1,1,1,1,1,1,1,1,1,1,1,1,1,1,1
EX,MTH250,MATHEMATICS CAPSTONE,0,0,0,0,0,0,0,0,0,0,0,0,0,0,0,0,0
GL,CIS208,CONCEPTS OF DATABASE MANAGEMENT SYSTEMS,1,1,1,1,1,1,1,1,1,1,1,1,1,1,1,1,1
GL,CIS210,RELATIONAL DATABASES,1,1,1,1,1,1,1,1,1,1,1,1,1,1,1,1,1
GL,CIS261,DATABASE MANAGEMENT,1,1,1,1,1,1,1,1,1,1,1,1,1,1,1,1,1
GL,CIS262,ADVANCED DATABASE MANAGEMENT,1,1,1,1,1,1,1,1,1,1,1,1,1,1,1,1,1
GL,CIS264,DATABASE APPLICATIONS DEVELOPMENT,1,1,1,1,1,1,1,1,1,1,1,1,1,1,1,1,1
GL,MAT010,INTRODUCTORY COLLEGE MATHEMATICS,0,0,0,0,0,0,0,0,0,0,0,0,0,0,0,0,0
GL,MAT011,INTRO COLLEGE MATH ACCELERATED,0,0,0,0,0,0,0,0,0,0,0,0,0,0,0,0,0
GL,MAT020,MATH FOR NURSING,0,0,0,0,0,0,0,0,0,0,0,0,0,0,0,0,0
GL,MAT050,ELEMENTARY ALGEBRA,1,1,1,1,1,1,1,1,1,1,1,1,1,1,1,1,1
GL,MAT051,ELEMENTARY ALGEBRA REVIEW,0,0,0,0,0,0,0,0,0,0,0,0,0,0,0,0,0
GL,MAT100,FOUNDATIONS OF MATHEMATICS I,0,0,0,0,0,0,0,0,0,0,0,0,0,0,0,0,0
GL,MAT101,CONCEPTS OF MATHEMATICS,1,1,1,1,1,1,1,1,1,1,1,1,1,1,1,1,1
GL,MAT102,SURVEY OF MATHEMATICS,1,1,1,1,1,1,1,1,1,1,1,1,1,1,1,1,1
GL,MAT103,STATISTICS,1,1,1,1,1,1,1,1,1,1,1,1,1,1,1,1,1
GL,MAT104,STATISTICS II,1,1,1,1,1,1,1,1,1,1,1,1,1,1,1,1,1
GL,MAT105,INTERMEDIATE ALGEBRA,1,1,1,1,1,1,1,1,1,1,1,1,1,1,1,1,1
GL,MAT106,TRIGONOMETRY,1,1,1,1,1,1,1,1,1,1,1,1,1,1,1,1,1
GL,MAT107,PRE-CALCULUS AND MATHEMATICAL ANALYSIS,1,1,1,1,1,1,1,1,1,1,1,1,1,1,1,1,1
GL,MAT108,CALCULUS I,1,1,1,1,1,1,1,1,1,1,1,1,1,1,1,1,1
GL,MAT109,TECHNICAL MATHEMATICS,1,1,1,1,1,1,1,1,1,1,1,1,1,1,1,1,1
GL,MAT110,ALGEBRA AND TRIGONOMETRY,1,1,1,1,1,1,1,1,1,1,1,1,1,1,1,1,1
GL,MAT111,ALGEBRA AND DIFFERENTIAL CALCULUS,1,1,1,1,1,1,1,1,1,1,1,1,1,1,1,1,1
GL,MAT112,ALGEBRA AND INTEGRAL CALCULUS,1,1,1,1,1,1,1,1,1,1,1,1,1,1,1,1,1
GL,MAT113,DISCRETE MATHEMATICS,1,1,1,1,1,1,1,1,1,1,1,1,1,1,1,1,1
GL,MAT115,COLLEGE GEOMETRY,0,0,0,0,0,0,0,0,0,0,0,0,0,0,0,0,0
GL,MAT120,STRUCTURES OF MATHEMATICS,0,0,0,0,0,0,0,0,0,0,0,0,0,0,0,0,0
GL,MAT121,STRUCTURES OF MATHEMATICS II,1,1,1,1,1,1,1,1,1,1,1,1,1,1,1,1,1
GL,MAT122,CALCULUS II,1,1,1,1,1,1,1,1,1,1,1,1,1,1,1,1,1
GL,MAT151,MATHEMATICS FOR MANAGEMENT,1,1,1,1,1,1,1,1,1,1,1,1,1,1,1,1,1
GL,MAT152,APPLIED CALCULUS,1,1,1,1,1,1,1,1,1,1,1,1,1,1,1,1,1
GL,MAT161,STATISTICS: BUSINESS AND ECONOMICS,1,1,1,1,1,1,1,1,1,1,1,1,1,1,1,1,1
GL,MAT170,TOPICS IN MATHEMATICS,0,0,0,0,0,0,0,0,0,0,0,0,0,0,0,0,0
GL,MAT171,TOPICS IN MATHEMATICS,0,0,0,0,0,0,0,0,0,0,0,0,0,0,0,0,0
GL,MAT200,FOUNDATIONS OF MATHEMATICS II,0,0,0,0,0,0,0,0,0,0,0,0,0,0,0,0,0
GL,MAT201,DISCRETE MATHEMATICS,1,1,1,1,1,1,1,1,1,1,1,1,1,1,1,1,1
GL,MAT202,LINEAR ALGEBRA,1,1,1,1,1,1,1,1,1,1,1,1,1,1,1,1,1
GL,MAT203,STATISTICS II,1,1,1,1,1,1,1,1,1,1,1,1,1,1,1,1,1
GL,MAT205,DIFFERENTIAL EQUATIONS,1,1,1,1,1,1,1,1,1,1,1,1,1,1,1,1,1
GL,MAT221,CALCULUS III,1,1,1,1,1,1,1,1,1,1,1,1,1,1,1,1,1
GL,MAT229,REASONING AND PROOF,1,1,1,1,1,1,1,1,1,1,1,1,1,1,1,1,1
GL,MAT702,INTRODUCTION TO STATISTICS,1,1,1,1,1,1,1,1,1,1,1,1,1,1,1,1,1
HD,DSC216,PYTHON PROGRAMMING II,1,1,1,1,1,1,1,1,1,1,1,1,1,1,1,1,1
HD,DSC217,FUNDAMENTALS OF DATA SCIENCE,1,1,1,1,1,1,1,1,1,1,1,1,1,1,1,1,1
HD,DSC218,DATA VISUALIZATION,1,1,1,1,1,1,1,1,1,1,1,1,1,1,1,1,1
HD,MAT071,BASIC MATH,0,0,0,0,0,0,0,0,0,0,0,0,0,0,0,0,0
HD,MAT072,BASIC MATH II,0,0,0,0,0,0,0,0,0,0,0,0,0,0,0,0,0
HD,MAT073,BASIC ALGEBRA,0,0,0,0,0,0,0,0,0,0,0,0,0,0,0,0,0
HD,MAT074,BASIC MATH III,0,0,0,0,0,0,0,0,0,0,0,0,0,0,0,0,0
HD,MAT076,BASIC ALGEBRA II,1,1,1,1,1,1,1,1,1,1,1,1,1,1,1,1,1
HD,MAT080,COLLEGE ALGEBRA WORKSHOP,0,0,0,0,0,0,0,0,0,0,0,0,0,0,0,0,0
HD,MAT082,BASIC MATH EXPRESS,0,0,0,0,0,0,0,0,0,0,0,0,0,0,0,0,0
HD,MAT083,BASIC ALGEBRA EXPRESS,0,0,0,0,0,0,0,0,0,0,0,0,0,0,0,0,0
HD,MAT100,COLLEGE ALGEBRA,1,1,1,1,1,1,1,1,1,1,1,1,1,1,1,1,1
HD,MAT101,COMPUTER MATHEMATICS,1,1,1,1,1,1,1,1,1,1,1,1,1,1,1,1,1
HD,MAT102,MATHEMATICS FOR THE HEALTH SCIENCES,1,1,1,1,1,1,1,1,1,1,1,1,1,1,1,1,1
HD,MAT103,BUSINESS MATHEMATICS,0,0,0,0,0,0,0,0,0,0,0,0,0,0,0,0,0
HD,MAT104,CONTEMPORARY MATHEMATICS,0,0,0,0,0,0,0,0,0,0,0,0,0,0,0,0,0
HD,MAT105,TRIGONOMETRY,0,0,0,0,0,0,0,0,0,0,0,0,0,0,0,0,0
HD,MAT106,MATHEMATICAL ANALYSIS I,1,1,1,1,1,1,1,1,1,1,1,1,1,1,1,1,1
HD,MAT107,MATHEMATICAL ANALYSIS II,1,1,1,1,1,1,1,1,1,1,1,1,1,1,1,1,1
HD,MAT109,HEALTH CARE STATISTICS,1,1,1,1,1,1,1,1,1,1,1,1,1,1,1,1,1
HD,MAT110,PRECALCULUS,1,1,1,1,1,1,1,1,1,1,1,1,1,1,1,1,1
HD,MAT111,CALCULUS I,1,1,1,1,1,1,1,1,1,1,1,1,1,1,1,1,1
HD,MAT112,CALCULUS II,1,1,1,1,1,1,1,1,1,1,1,1,1,1,1,1,1
HD,MAT114,INTRODUCTION TO STATISTICS AND PROBABILITY,1,1,1,1,1,1,1,1,1,1,1,1,1,1,1,1,1
HD,MAT116,PRECALCULUS FOR BUSINESS,1,1,1,1,1,1,1,1,1,1,1,1,1,1,1,1,1
HD,MAT121,MATH ANALYSIS I,0,0,0,0,0,0,0,0,0,0,0,0,0,0,0,0,0
HD,MAT123,MATHEMATICS FOR THE LIBERAL ARTS,1,1,1,1,1,1,1,1,1,1,1,1,1,1,1,1,1
HD,MAT211,CALCULUS III,1,1,1,1,1,1,1,1,1,1,1,1,1,1,1,1,1
HD,MAT212,DIFFERENTIAL EQUATIONS,1,1,1,1,1,1,1,1,1,1,1,1,1,1,1,1,1
HD,MAT215,LINEAR ALGEBRA,1,1,1,1,1,1,1,1,1,1,1,1,1,1,1,1,1
HD,MAT221,MATH ANALYSIS II,1,1,1,1,1,1,1,1,1,1,1,1,1,1,1,1,1
HD,MAT221DA,MATH ANALYSIS II,1,1,1,1,1,1,1,1,1,1,1,1,1,1,1,1,1
HD,MAT250,HEALTH CARE STATISTICS,1,1,1,1,1,1,1,1,1,1,1,1,1,1,1,1,1
HD,MAT299,MATH FOR THE HEALTH SCIENCES INDEPENDENT STUDY,1,1,1,1,1,1,1,1,1,1,1,1,1,1,1,1,1
HD,MAT312,MATH FOR HEALTH SCIENCES,1,1,1,1,1,1,1,1,1,1,1,1,1,1,1,1,1
ME,CIS173,PC APPLICATIONS: DATABASE,1,1,1,1,1,1,1,1,1,1,1,1,1,1,1,1,1
ME,CIS174,INTER PC DATABASE AP,1,1,1,1,1,1,1,1,1,1,1,1,1,1,1,1,1
ME,CIS239,DATA COMMUNICATIONS,1,1,1,1,1,1,1,1,1,1,1,1,1,1,1,1,1
ME,CIS241,DATA BASE CONCEPTS,1,1,1,1,1,1,1,1,1,1,1,1,1,1,1,1,1
ME,CIS242,DATA BASE CONCEPTS,1,1,1,1,1,1,1,1,1,1,1,1,1,1,1,1,1
ME,CIS250,DATA BASE CONCEPTS AND TOOLS,1,1,1,1,1,1,1,1,1,1,1,1,1,1,1,1,1
ME,MAT001,PREPARATORY MATHEMATICS,0,0,0,0,0,0,0,0,0,0,0,0,0,0,0,0,0
ME,MAT003,DEVELOPMENTAL MATHEMATICS I,0,0,0,0,0,0,0,0,0,0,0,0,0,0,0,0,0
ME,MAT004,PREPARATORY MATHEMATICS,0,0,0,0,0,0,0,0,0,0,0,0,0,0,0,0,0
ME,MAT020,BASIC MATHEMATICS,0,0,0,0,0,0,0,0,0,0,0,0,0,0,0,0,0
ME,MAT030,BASIC ALGEBRA,0,0,0,0,0,0,0,0,0,0,0,0,0,0,0,0,0
ME,MAT031,BASIC ALGEBRA BRUSH-UP,1,1,1,1,1,1,1,1,1,1,1,1,1,1,1,1,1
ME,MAT032,BEGINNING ALGEBRA - ACCELERATED,0,0,0,0,0,0,0,0,0,0,0,0,0,0,0,0,0
ME,MAT033,PRE-ALGEBRA,0,0,0,0,0,0,0,0,0,0,0,0,0,0,0,0,0
ME,MAT034,BASIC ALGEBRA,0,0,0,0,0,0,0,0,0,0,0,0,0,0,0,0,0
ME,MAT037,BEGINNING ALGEBRA,1,1,1,1,1,1,1,1,1,1,1,1,1,1,1,1,1
ME,MAT037A,BEGINNING ALGEBRA PART A,0,0,0,0,0,0,0,0,0,0,0,0,0,0,0,0,0
ME,MAT037B,BEGINNING ALGEBRA PART B,0,0,0,0,0,0,0,0,0,0,0,0,0,0,0,0,0
ME,MAT038,INTERMEDIATE ALGEBRA FOR STEM,1,1,1,1,1,1,1,1,1,1,1,1,1,1,1,1,1
ME,MAT040,BASIC MATHEMATICS AND ALGEBRA,0,0,0,0,0,0,0,0,0,0,0,0,0,0,0,0,0
ME,MAT041,FOUNDATION MATH I,0,0,0,0,0,0,0,0,0,0,0,0,0,0,0,0,0
ME,MAT042,FOUNDATION MATH FOR NON-STEM,0,0,0,0,0,0,0,0,0,0,0,0,0,0,0,0,0
ME,MAT043,FOUNDATION MATH III,0,0,0,0,0,0,0,0,0,0,0,0,0,0,0,0,0
ME,MAT044,FOUNDATION MATH FOR STEM,1,1,1,1,1,1,1,1,1,1,1,1,1,1,1,1,1
ME,MAT100,APPLIED BASIC MATHEMATICS,0,0,0,0,0,0,0,0,0,0,0,0,0,0,0,0,0
ME,MAT101,INTERMEDIATE ALGEBRA,1,1,1,1,1,1,1,1,1,1,1,1,1,1,1,1,1
ME,MAT102,COLLEGE ALGEBRA,1,1,1,1,1,1,1,1,1,1,1,1,1,1,1,1,1
ME,MAT103,PRE-CALCULUS MATHEMATICS I,1,1,1,1,1,1,1,1,1,1,1,1,1,1,1,1,1
ME,MAT104,PRE-CALCULUS MATHEMATICS II,1,1,1,1,1,1,1,1,1,1,1,1,1,1,1,1,1
ME,MAT105,ALGEBRA AND TRIGONOMETRY,0,0,0,0,0,0,0,0,0,0,0,0,0,0,0,0,0
ME,MAT106,CALCULUS AND ANALYTIC GEOMETRY,1,1,1,1,1,1,1,1,1,1,1,1,1,1,1,1,1
ME,MAT107,CONCEPTS OF MATHEMATICS,0,0,0,0,0,0,0,0,0,0,0,0,0,0,0,0,0
ME,MAT108,TOPICS IN MATHEMATICS,0,0,0,0,0,0,0,0,0,0,0,0,0,0,0,0,0
ME,MAT109,ELEMENTARY ALGEBRA,0,0,0,0,0,0,0,0,0,0,0,0,0,0,0,0,0
ME,MAT110,ELEMENTARY TECHNICAL MATHEMATICS,0,0,0,0,0,0,0,0,0,0,0,0,0,0,0,0,0
ME,MAT111,CALCULUS I,1,1,1,1,1,1,1,1,1,1,1,1,1,1,1,1,1
ME,MAT112,CALCULUS II,1,1,1,1,1,1,1,1,1,1,1,1,1,1,1,1,1
ME,MAT113,COMPUTER PROGRAMMING I,1,1,1,1,1,1,1,1,1,1,1,1,1,1,1,1,1
ME,MAT114,COLLEGE MATHEMATICS II,0,0,0,0,0,0,0,0,0,0,0,0,0,0,0,0,0
ME,MAT115,ALGEBRA AND TRIGONOMETRY I,0,0,0,0,0,0,0,0,0,0,0,0,0,0,0,0,0
ME,MAT116,ALGEBRA AND TRIGONOMETRY II,1,1,1,1,1,1,1,1,1,1,1,1,1,1,1,1,1
ME,MAT120,MATHEMATICS FOR LIBERAL ARTS,1,1,1,1,1,1,1,1,1,1,1,1,1,1,1,1,1
ME,MAT121,INTERMEDIATE ALGEBRA I,0,0,0,0,0,0,0,0,0,0,0,0,0,0,0,0,0
ME,MAT122,INTERMEDIATE ALGEBRA II,1,1,1,1,1,1,1,1,1,1,1,1,1,1,1,1,1
ME,MAT125,Elementary Statistics I,1,1,1,1,1,1,1,1,1,1,1,1,1,1,1,1,1
ME,MAT126,ELEMENTARY STATISTICS II,1,1,1,1,1,1,1,1,1,1,1,1,1,1,1,1,1
ME,MAT131,GENERAL MATHEMATICS,0,0,0,0,0,0,0,0,0,0,0,0,0,0,0,0,0
ME,MAT135,INTERMEDIATE ALGEBRA WITH APPLICATIONS,1,1,1,1,1,1,1,1,1,1,1,1,1,1,1,1,1
ME,MAT138,FINITE MATHEMATICS,1,1,1,1,1,1,1,1,1,1,1,1,1,1,1,1,1
ME,MAT140,APPLIED COLLEGE ALGEBRA,0,0,0,0,0,0,0,0,0,0,0,0,0,0,0,0,0
ME,MAT141,COLLEGE ALGEBRA AND APPLICATIONS,1,1,1,1,1,1,1,1,1,1,1,1,1,1,1,1,1
ME,MAT145,PRE-CALCULUS FOR SOCIAL SCIENCES OR BUSINESS,1,1,1,1,1,1,1,1,1,1,1,1,1,1,1,1,1
ME,MAT146,PRE-CALCULUS,1,1,1,1,1,1,1,1,1,1,1,1,1,1,1,1,1
ME,MAT149,CALCULUS,1,1,1,1,1,1,1,1,1,1,1,1,1,1,1,1,1
ME,MAT150,FOUNDATIONS OF MATHEMATICS,0,0,0,0,0,0,0,0,0,0,0,0,0,0,0,0,0
ME,MAT151,Calculus I,1,1,1,1,1,1,1,1,1,1,1,1,1,1,1,1,1
ME,MAT152,CALCULUS II,1,1,1,1,1,1,1,1,1,1,1,1,1,1,1,1,1
ME,MAT191,PROBLEM SOLVING USING GRAPHING CALCULATORS,0,0,0,0,0,0,0,0,0,0,0,0,0,0,0,0,0
ME,MAT200,STATISTICS FOR SOCIAL AND HEALTH SCIENCES I,1,1,1,1,1,1,1,1,1,1,1,1,1,1,1,1,1
ME,MAT201,PROBABILITY AND STATS FOR SCIENCE AND ENGINEERING,1,1,1,1,1,1,1,1,1,1,1,1,1,1,1,1,1
ME,MAT202,PROBABILITY AND STATISTICS FOR SCIENCE/ENGINEER II,1,1,1,1,1,1,1,1,1,1,1,1,1,1,1,1,1
ME,MAT203,LINEAR ALGEBRA,1,1,1,1,1,1,1,1,1,1,1,1,1,1,1,1,1
ME,MAT204,DISCRETE MATHEMATICAL STRUCTURES,1,1,1,1,1,1,1,1,1,1,1,1,1,1,1,1,1
ME,MAT205,STATISTICS FOR SOCIAL AND HEALTH SCIENCES II,1,1,1,1,1,1,1,1,1,1,1,1,1,1,1,1,1
ME,MAT206,MODERN CALCULUS FOR BUSINESS AND SOCIAL SCINECES,1,1,1,1,1,1,1,1,1,1,1,1,1,1,1,1,1
ME,MAT208,LINEAR ALGEBRA,1,1,1,1,1,1,1,1,1,1,1,1,1,1,1,1,1
ME,MAT211,CALCULUS III,1,1,1,1,1,1,1,1,1,1,1,1,1,1,1,1,1
ME,MAT212,DIFFERENTIAL EQUATIONS,1,1,1,1,1,1,1,1,1,1,1,1,1,1,1,1,1
ME,MAT217,TECHNICAL CALCULUS,1,1,1,1,1,1,1,1,1,1,1,1,1,1,1,1,1
ME,MAT251,CALCULUS III,1,1,1,1,1,1,1,1,1,1,1,1,1,1,1,1,1
ME,MAT252,DIFFERENTIAL EQUATIONS,1,1,1,1,1,1,1,1,1,1,1,1,1,1,1,1,1
ME,MAT310,ELEMENTARY TRIGONOMETRY,0,0,0,0,0,0,0,0,0,0,0,0,0,0,0,0,0
ME,MAT311,ADVANCED TRIGONOMETRY,0,0,0,0,0,0,0,0,0,0,0,0,0,0,0,0,0
ME,STA101,STUDY ABROAD SEMINAR,0,0,0,0,0,0,0,0,0,0,0,0,0,0,0,0,0
MI,MAT008,INTENSIVE MATH COMPUTATION,0,0,0,0,0,0,0,0,0,0,0,0,0,0,0,0,0
MI,MAT009,BASIC MATHEMATICS ALTERNATIVE,0,0,0,0,0,0,0,0,0,0,0,0,0,0,0,0,0
MI,MAT010,BASIC MATHEMATICS,0,0,0,0,0,0,0,0,0,0,0,0,0,0,0,0,0
MI,MAT010A,BASIC MATHEMATICS PART A,0,0,0,0,0,0,0,0,0,0,0,0,0,0,0,0,0
MI,MAT010B,BASIC MATHEMATICS B,0,0,0,0,0,0,0,0,0,0,0,0,0,0,0,0,0
MI,MAT011,MATH,0,0,0,0,0,0,0,0,0,0,0,0,0,0,0,0,0
MI,MAT012,BASIC MATHEMATICS/ALGEBRA I,0,0,0,0,0,0,0,0,0,0,0,0,0,0,0,0,0
MI,MAT013,ALGEBRA I,1,1,1,1,1,1,1,1,1,1,1,1,1,1,1,1,1
MI,MAT013A,ALGEBRA I PART A,0,0,0,0,0,0,0,0,0,0,0,0,0,0,0,0,0
MI,MAT013B,ALGEBRA I PART B,0,0,0,0,0,0,0,0,0,0,0,0,0,0,0,0,0
MI,MAT014,ALGEBRA II,1,1,1,1,1,1,1,1,1,1,1,1,1,1,1,1,1
MI,MAT014A,ALGEBRA II PART A,0,0,0,0,0,0,0,0,0,0,0,0,0,0,0,0,0
MI,MAT014B,ALGEBRA II PART B,0,0,0,0,0,0,0,0,0,0,0,0,0,0,0,0,0
MI,MAT082,ALGEBRA WORKSHOP,0,0,0,0,0,0,0,0,0,0,0,0,0,0,0,0,0
MI,MAT101,THE MATHEMATICS OF MONEY,0,0,0,0,0,0,0,0,0,0,0,0,0,0,0,0,0
MI,MAT102,A SURVEY OF MATHEMATICS,1,1,1,1,1,1,1,1,1,1,1,1,1,1,1,1,1
MI,MAT104,MATHEMATICS IN THE ELEMENTARY SCHOOL,1,1,1,1,1,1,1,1,1,1,1,1,1,1,1,1,1
MI,MAT107,MATHEMATICS I,1,1,1,1,1,1,1,1,1,1,1,1,1,1,1,1,1
MI,MAT108,MATHEMATICS II,1,1,1,1,1,1,1,1,1,1,1,1,1,1,1,1,1
MI,MAT109,COLLEGE ALGEBRA AND TRIGONOMETRY I,1,1,1,1,1,1,1,1,1,1,1,1,1,1,1,1,1
MI,MAT110,COLLEGE ALGEBRA AND TRIGONOMETRY II,1,1,1,1,1,1,1,1,1,1,1,1,1,1,1,1,1
MI,MAT112,UNIFIED CALCULUS I,1,1,1,1,1,1,1,1,1,1,1,1,1,1,1,1,1
MI,MAT113,MATHEMATICAL STRUCTURES I,1,1,1,1,1,1,1,1,1,1,1,1,1,1,1,1,1
MI,MAT114,MATHEMATICAL STRUCTURES II,1,1,1,1,1,1,1,1,1,1,1,1,1,1,1,1,1
MI,MAT115,CRITICAL ISSUES IN SCIENCE AND TECHNOLOGY I,0,0,0,0,0,0,0,0,0,0,0,0,0,0,0,0,0
MI,MAT116,COLLEGE ALGEBRA,0,0,0,0,0,0,0,0,0,0,0,0,0,0,0,0,0
MI,MAT117,CRITICAL ISSUES IN SCIENCE AND TECHNOLOGY I,0,0,0,0,0,0,0,0,0,0,0,0,0,0,0,0,0
MI,MAT118,CRITICAL ISSUES IN SCIENCE AND TECHNOLOGY II,0,0,0,0,0,0,0,0,0,0,0,0,0,0,0,0,0
MI,MAT119,MATHEMATICAL PRINCIPLES OF ENGINEERING,0,0,0,0,0,0,0,0,0,0,0,0,0,0,0,0,0
MI,MAT123,STATISTICS I,1,1,1,1,1,1,1,1,1,1,1,1,1,1,1,1,1
MI,MAT124,STATISTICS II,1,1,1,1,1,1,1,1,1,1,1,1,1,1,1,1,1
MI,MAT125,MATHEMATICS FOR DECISION SCIENCES I,1,1,1,1,1,1,1,1,1,1,1,1,1,1,1,1,1
MI,MAT126,MATHEMATICS FOR DECISION SCIENCES II,1,1,1,1,1,1,1,1,1,1,1,1,1,1,1,1,1
MI,MAT127,PRECALCULUS I,1,1,1,1,1,1,1,1,1,1,1,1,1,1,1,1,1
MI,MAT128,PRECALCULUS II,1,1,1,1,1,1,1,1,1,1,1,1,1,1,1,1,1
MI,MAT129,PRECALCULUS,1,1,1,1,1,1,1,1,1,1,1,1,1,1,1,1,1
MI,MAT129A,PRECALCULUS (PART A),1,1,1,1,1,1,1,1,1,1,1,1,1,1,1,1,1
MI,MAT129B,PRECALCULUS (PART B),1,1,1,1,1,1,1,1,1,1,1,1,1,1,1,1,1
MI,MAT131,ANALYTIC GEOMETRY AND CALCULUS I,1,1,1,1,1,1,1,1,1,1,1,1,1,1,1,1,1
MI,MAT131A,ANALYTIC GEOMETRY AND CALCULUS I PART A,1,1,1,1,1,1,1,1,1,1,1,1,1,1,1,1,1
MI,MAT131B,ANALYTICAL GEOMETRY AND CALCULUS I PART B,1,1,1,1,1,1,1,1,1,1,1,1,1,1,1,1,1
MI,MAT131H,ANALYTIC GEOMETRY AND CALCULUS I (HONORS),1,1,1,1,1,1,1,1,1,1,1,1,1,1,1,1,1
MI,MAT132,ANALYTIC GEOMETRY AND CALCULUS II,1,1,1,1,1,1,1,1,1,1,1,1,1,1,1,1,1
MI,MAT139,PRECALCULUS FOR BUSINESS,1,1,1,1,1,1,1,1,1,1,1,1,1,1,1,1,1
MI,MAT141,CALCULUS FOR BUSINESS AND ECONOMICS,1,1,1,1,1,1,1,1,1,1,1,1,1,1,1,1,1
MI,MAT142,MATHEMATICS FOR TELECOMMUNICATIONS II,0,0,0,0,0,0,0,0,0,0,0,0,0,0,0,0,0
MI,MAT145,INTEGRATED MATHEMATICS I,0,0,0,0,0,0,0,0,0,0,0,0,0,0,0,0,0
MI,MAT146,INTEGRATED MATHEMATICS II,0,0,0,0,0,0,0,0,0,0,0,0,0,0,0,0,0
MI,MAT206,INTRODUCTION TO DISCRETE MATHEMATICS,1,1,1,1,1,1,1,1,1,1,1,1,1,1,1,1,1
MI,MAT210,LINEAR ALGEBRA,1,1,1,1,1,1,1,1,1,1,1,1,1,1,1,1,1
MI,MAT233,ANALYTIC GEOMETRY AND CALCULUS III,1,1,1,1,1,1,1,1,1,1,1,1,1,1,1,1,1
MI,MAT234,DIFFERENTIAL EQUATIONS,1,1,1,1,1,1,1,1,1,1,1,1,1,1,1,1,1
MI,MAT241,MATHEMATICS FOR TELECOMMUNICATIONS III,0,0,0,0,0,0,0,0,0,0,0,0,0,0,0,0,0
MI,MAT242,MATHEMATICS FOR TELECOMMUNICATIONS IV,0,0,0,0,0,0,0,0,0,0,0,0,0,0,0,0,0
MI,MAT245,INTEGRATED MATHEMATICS III,0,0,0,0,0,0,0,0,0,0,0,0,0,0,0,0,0
MI,MAT246,INTEGRATED MATHEMATICS IV,0,0,0,0,0,0,0,0,0,0,0,0,0,0,0,0,0
MI,MAT257,SELECTED TOPICS IN MATHEMATICS,0,0,0,0,0,0,0,0,0,0,0,0,0,0,0,0,0
MI,MAT285,BASIC STATISTICS FOR BUSINESS,1,1,1,1,1,1,1,1,1,1,1,1,1,1,1,1,1
MR,MAT006,ELEMENTS OF ALGEBRA,1,1,1,1,1,1,1,1,1,1,1,1,1,1,1,1,1
MR,MAT007,FOUNDATIONS OF ALGEBRA,0,0,0,0,0,0,0,0,0,0,0,0,0,0,0,0,0
MR,MAT009,BASIC MATHEMATICS IA,0,0,0,0,0,0,0,0,0,0,0,0,0,0,0,0,0
MR,MAT010,BASIC ALGEBRA 1A,0,0,0,0,0,0,0,0,0,0,0,0,0,0,0,0,0
MR,MAT011,BASIC MATHEMATICS I,0,0,0,0,0,0,0,0,0,0,0,0,0,0,0,0,0
MR,MAT014,BASIC ALGEBRA I,1,1,1,1,1,1,1,1,1,1,1,1,1,1,1,1,1
MR,MAT016,INTERMEDIATE ALGEBRA,1,1,1,1,1,1,1,1,1,1,1,1,1,1,1,1,1
MR,MAT017,BASIC ALGEBRA IB,0,0,0,0,0,0,0,0,0,0,0,0,0,0,0,0,0
MR,MAT021,BASIC ALGEBRA IC,0,0,0,0,0,0,0,0,0,0,0,0,0,0,0,0,0
MR,MAT022,BASIC ALGEBRA ID,0,0,0,0,0,0,0,0,0,0,0,0,0,0,0,0,0
MR,MAT050,FUNDAMENTALS OF MATHEMATICS,0,0,0,0,0,0,0,0,0,0,0,0,0,0,0,0,0
MR,MAT060,FUNDAMENTALS OF ALGEBRA,1,1,1,1,1,1,1,1,1,1,1,1,1,1,1,1,1
MR,MAT100,MATHEMATICS OF MEASURMENT AND DESIGN,0,0,0,0,0,0,0,0,0,0,0,0,0,0,0,0,0
MR,MAT101,MATHEMATICS FOR LABORATORY TECHNICIAN,1,1,1,1,1,1,1,1,1,1,1,1,1,1,1,1,1
MR,MAT108,BASIC STATISTICS,1,1,1,1,1,1,1,1,1,1,1,1,1,1,1,1,1
MR,MAT110,COLLEGE ALGEBRA,1,1,1,1,1,1,1,1,1,1,1,1,1,1,1,1,1
MR,MAT111,APPLIED COLLEGE MATHEMATICS,1,1,1,1,1,1,1,1,1,1,1,1,1,1,1,1,1
MR,MAT113,APPLIED CALCULUS,1,1,1,1,1,1,1,1,1,1,1,1,1,1,1,1,1
MR,MAT114,INTRODUCTION TO DATA SCIENCE,1,1,1,1,1,1,1,1,1,1,1,1,1,1,1,1,1
MR,MAT115,MODERN MATHEMATICS I,0,0,0,0,0,0,0,0,0,0,0,0,0,0,0,0,0
MR,MAT116,MODERN MATHEMATICS II,0,0,0,0,0,0,0,0,0,0,0,0,0,0,0,0,0
MR,MAT117,MATHEMATICAL ANALYSIS FOR BUSINESS AND ECONOMICS,0,0,0,0,0,0,0,0,0,0,0,0,0,0,0,0,0
MR,MAT118,CALCULUS WITH APPLICATION TO BUSINESS AND ECONOMIC,1,1,1,1,1,1,1,1,1,1,1,1,1,1,1,1,1
MR,MAT120,MATHEMATICS FOR LIBERAL ARTS,0,0,0,0,0,0,0,0,0,0,0,0,0,0,0,0,0
MR,MAT123,PRECALCULUS,1,1,1,1,1,1,1,1,1,1,1,1,1,1,1,1,1
MR,MAT124,STATISTICS,1,1,1,1,1,1,1,1,1,1,1,1,1,1,1,1,1
MR,MAT126,ADVANCED STATISTICS,1,1,1,1,1,1,1,1,1,1,1,1,1,1,1,1,1
MR,MAT128,LINEAR ALGEBRA,1,1,1,1,1,1,1,1,1,1,1,1,1,1,1,1,1
MR,MAT130,PROBABILITY AND STATISTICS,1,1,1,1,1,1,1,1,1,1,1,1,1,1,1,1,1
MR,MAT131,ANALYTIC GEOMETRY AND CALCULUS I,1,1,1,1,1,1,1,1,1,1,1,1,1,1,1,1,1
MR,MAT132,ANALYTIC GEOMETRY AND CALCULUS II,1,1,1,1,1,1,1,1,1,1,1,1,1,1,1,1,1
MR,MAT140,MATH FOR RADIOGRAPHERS,1,1,1,1,1,1,1,1,1,1,1,1,1,1,1,1,1
MR,MAT180,STATISTICS - HONORS,1,1,1,1,1,1,1,1,1,1,1,1,1,1,1,1,1
MR,MAT182,MATH FOR LIBERAL ARTS - HONORS,1,1,1,1,1,1,1,1,1,1,1,1,1,1,1,1,1
MR,MAT183,PROBABILITY AND STATISTICS HONORS,1,1,1,1,1,1,1,1,1,1,1,1,1,1,1,1,1
MR,MAT210,PROBABILITY AND STATISTICS II,1,1,1,1,1,1,1,1,1,1,1,1,1,1,1,1,1
MR,MAT214,OPERATIONAL CALCULUS,0,0,0,0,0,0,0,0,0,0,0,0,0,0,0,0,0
MR,MAT221,INTERSHIP EXPERIENCE - QUANTITATIVE ANALYSIS (45-1,0,0,0,0,0,0,0,0,0,0,0,0,0,0,0,0,0
MR,MAT222,INTERNSHIP EXPERIENCE - QUANTITATIVE ANALYSIS (90-,0,0,0,0,0,0,0,0,0,0,0,0,0,0,0,0,0
MR,MAT223,INTERNSHIP EXPERIENCE - QUANTITATIVE ANALYSIS (135,0,0,0,0,0,0,0,0,0,0,0,0,0,0,0,0,0
MR,MAT225,DISCRETE MATHEMATICS,1,1,1,1,1,1,1,1,1,1,1,1,1,1,1,1,1
MR,MAT228,LINEAR ALGEBRA,1,1,1,1,1,1,1,1,1,1,1,1,1,1,1,1,1
MR,MAT230,CALCULUS III,1,1,1,1,1,1,1,1,1,1,1,1,1,1,1,1,1
MR,MAT232,DIFFERENTIAL EQUATIONS,1,1,1,1,1,1,1,1,1,1,1,1,1,1,1,1,1
MR,MAT244,ORDINARY DIFFERENTIAL EQUATIONS,1,1,1,1,1,1,1,1,1,1,1,1,1,1,1,1,1
MR,MAT270,NUMBERS AND OPERATIONS FOR MIDDLE GRADES,0,0,0,0,0,0,0,0,0,0,0,0,0,0,0,0,0
MR,MAT271,ALGEBRA FOR MIDDLE GRADES,0,0,0,0,0,0,0,0,0,0,0,0,0,0,0,0,0
MR,MAT272,MATHEMATICS FOR MIDDLE GRADES,0,0,0,0,0,0,0,0,0,0,0,0,0,0,0,0,0
MR,MAT273,STATISTICS FOR MIDDLE GRADES,1,1,1,1,1,1,1,1,1,1,1,1,1,1,1,1,1
MR,MAT274,GEOMETRY FOR MIDDLE GRADES,1,1,1,1,1,1,1,1,1,1,1,1,1,1,1,1,1
OC,CS120,COMPUTER WRITING SURVIVAL SKILLS,0,0,0,0,0,0,0,0,0,0,0,0,0,0,0,0,0
OC,CS121,COMPUTER LITERACY,1,1,1,1,1,1,1,1,1,1,1,1,1,1,1,1,1
OC,CS125,INTERNET ESSENTIALS - HTML,0,0,0,0,0,0,0,0,0,0,0,0,0,0,0,0,0
OC,CS148,INTEGRATED OFFICE SOFTWARE,1,1,1,1,1,1,1,1,1,1,1,1,1,1,1,1,1
OC,CS153,COMPUTER AND PROGRAMMING,1,1,1,1,1,1,1,1,1,1,1,1,1,1,1,1,1
OC,CS160,COMPUTER SPREADSHEET,1,1,1,1,1,1,1,1,1,1,1,1,1,1,1,1,1
OC,CS163,COMPUTER PROGRAMMING I,1,1,1,1,1,1,1,1,1,1,1,1,1,1,1,1,1
OC,CS164,COMPUTER PROGRAMMING II,1,1,1,1,1,1,1,1,1,1,1,1,1,1,1,1,1
OC,CS165,MS/DOS,0,0,0,0,0,0,0,0,0,0,0,0,0,0,0,0,0
OC,CS166,TECHNICAL WRITING FOR COMPUTER SCIENCE,1,1,1,1,1,1,1,1,1,1,1,1,1,1,1,1,1
OC,CS167,DATABASE APPLICATIONS,1,1,1,1,1,1,1,1,1,1,1,1,1,1,1,1,1
OC,CS168,INTRO TO AUTOMATED SPREADSHEETS,1,1,1,1,1,1,1,1,1,1,1,1,1,1,1,1,1
OC,CS173,INTRO TO COMPUTER ORGANIZATION,1,1,1,1,1,1,1,1,1,1,1,1,1,1,1,1,1
OC,CS174,APPLICATION PROGRAMMING IN COBOL,1,1,1,1,1,1,1,1,1,1,1,1,1,1,1,1,1
OC,CS178,INTERNET/INTRANET APP DEVELOPMENT,1,1,1,1,1,1,1,1,1,1,1,1,1,1,1,1,1
OC,CS180,WEBSITE DESIGN,1,1,1,1,1,1,1,1,1,1,1,1,1,1,1,1,1
OC,CS184,DESKTOP PUBLISHING,1,1,1,1,1,1,1,1,1,1,1,1,1,1,1,1,1
OC,CS186,NETWORKING ESSENTIALS,0,0,0,0,0,0,0,0,0,0,0,0,0,0,0,0,0
OC,CS191,UNIX,1,1,1,1,1,1,1,1,1,1,1,1,1,1,1,1,1
OC,CS230,MULTI-NETWORK MANAGEMENT,1,1,1,1,1,1,1,1,1,1,1,1,1,1,1,1,1
OC,CS231,NETWORK MANAGEMENT,1,1,1,1,1,1,1,1,1,1,1,1,1,1,1,1,1
OC,CS245,PROGRAMMING FOR A WINDOWS ENVIRONMENT,0,0,0,0,0,0,0,0,0,0,0,0,0,0,0,0,0
OC,CS254,PROGRAMMING FOR THE WEB,0,0,0,0,0,0,0,0,0,0,0,0,0,0,0,0,0
OC,CS260,SYSTEMS ANALYSIS,1,1,1,1,1,1,1,1,1,1,1,1,1,1,1,1,1
OC,CS270,PROGRAMMING IN JAVA,1,1,1,1,1,1,1,1,1,1,1,1,1,1,1,1,1
OC,CS274,APPLICATION PROGRAMMING IN C++,1,1,1,1,1,1,1,1,1,1,1,1,1,1,1,1,1
OC,CS275,COMPUTER SYSTEMS,1,1,1,1,1,1,1,1,1,1,1,1,1,1,1,1,1
OC,CS277,DATA STRUCTURES/ALGORITHMS ANALYSIS,1,1,1,1,1,1,1,1,1,1,1,1,1,1,1,1,1
OC,CS284,DATABASE MANAGEMENT,1,1,1,1,1,1,1,1,1,1,1,1,1,1,1,1,1
OC,CS285,OPERATING SYSTEMS,1,1,1,1,1,1,1,1,1,1,1,1,1,1,1,1,1
OC,CSIT126,INTERMEDIATE SPREADSHEETS AND DATABASE,1,1,1,1,1,1,1,1,1,1,1,1,1,1,1,1,1
OC,CSIT153,DATABASE APPLICATIONS WITH VBA,1,1,1,1,1,1,1,1,1,1,1,1,1,1,1,1,1
OC,CSIT213,DATABASE MANAGEMENT,1,1,1,1,1,1,1,1,1,1,1,1,1,1,1,1,1
OC,CSIT265,DATA STRUCTURES AND ANALYSIS,1,1,1,1,1,1,1,1,1,1,1,1,1,1,1,1,1
OC,CSIT271,DATA STRUCTURES AND ALGORITHM ANALYSIS,1,1,1,1,1,1,1,1,1,1,1,1,1,1,1,1,1
OC,CSIT275,DATA MANAGEMENT ANALYTICS,1,1,1,1,1,1,1,1,1,1,1,1,1,1,1,1,1
OC,MATH001,BASIC MATHEMATICS,0,0,0,0,0,0,0,0,0,0,0,0,0,0,0,0,0
OC,MATH011,INTRODUCTION TO ALGEBRA I,1,1,1,1,1,1,1,1,1,1,1,1,1,1,1,1,1
OC,MATH012,INTRODUCTION TO ALGEBRA II,1,1,1,1,1,1,1,1,1,1,1,1,1,1,1,1,1
OC,MATH023,ALGEBRA BASICS,0,0,0,0,0,0,0,0,0,0,0,0,0,0,0,0,0
OC,MATH147,BUSINESS MATHEMATICS I,0,0,0,0,0,0,0,0,0,0,0,0,0,0,0,0,0
OC,MATH149,MATH OF FINANCE,0,0,0,0,0,0,0,0,0,0,0,0,0,0,0,0,0
OC,MATH151,A SURVEY OF MATHEMATICS,1,1,1,1,1,1,1,1,1,1,1,1,1,1,1,1,1
OC,MATH156,INTRODUCTION TO STATISTICS,1,1,1,1,1,1,1,1,1,1,1,1,1,1,1,1,1
OC,MATH157,INTRODUCTION TO DATA SCIENCE,1,1,1,1,1,1,1,1,1,1,1,1,1,1,1,1,1
OC,MATH158,ALGEBRAIC MODELING,0,0,0,0,0,0,0,0,0,0,0,0,0,0,0,0,0
OC,MATH161,COLLEGE ALGEBRA,0,0,0,0,0,0,0,0,0,0,0,0,0,0,0,0,0
OC,MATH165,COLLEGE ALGEBRA - ACCELERATED,1,1,1,1,1,1,1,1,1,1,1,1,1,1,1,1,1
OC,MATH166,TOPICS IN ALGEBRA,1,1,1,1,1,1,1,1,1,1,1,1,1,1,1,1,1
OC,MATH168,BASIC TECHNICAL MATHEMATICS,0,0,0,0,0,0,0,0,0,0,0,0,0,0,0,0,0
OC,MATH171,FINITE MATHEMATICS,1,1,1,1,1,1,1,1,1,1,1,1,1,1,1,1,1
OC,MATH181,INTRODUCTION TO PROBABILITY,1,1,1,1,1,1,1,1,1,1,1,1,1,1,1,1,1
OC,MATH191,PRECALCULUS I,1,1,1,1,1,1,1,1,1,1,1,1,1,1,1,1,1
OC,MATH192,PRECALCULUS II,1,1,1,1,1,1,1,1,1,1,1,1,1,1,1,1,1
OC,MATH195,PRECALCULUS (ACCELERATED),1,1,1,1,1,1,1,1,1,1,1,1,1,1,1,1,1
OC,MATH196,PRECALCULUS,1,1,1,1,1,1,1,1,1,1,1,1,1,1,1,1,1
OC,MATH201,PRECALCULUS TECHNIQUES AND APPLICATIONS,1,1,1,1,1,1,1,1,1,1,1,1,1,1,1,1,1
OC,MATH240,BUSINESS CALCULUS,1,1,1,1,1,1,1,1,1,1,1,1,1,1,1,1,1
OC,MATH241,APPLIED CALCULUS,1,1,1,1,1,1,1,1,1,1,1,1,1,1,1,1,1
OC,MATH265,CALCULUS I,1,1,1,1,1,1,1,1,1,1,1,1,1,1,1,1,1
OC,MATH266,CALCULUS II,1,1,1,1,1,1,1,1,1,1,1,1,1,1,1,1,1
OC,MATH267,CALCULUS III,1,1,1,1,1,1,1,1,1,1,1,1,1,1,1,1,1
OC,MATH270,DISCRETE MATHEMATICS,0,0,0,0,0,0,0,0,0,0,0,0,0,0,0,0,0
OC,MATH275,LINEAR ALGEBRA,1,1,1,1,1,1,1,1,1,1,1,1,1,1,1,1,1
OC,MATH280,DIFFERENTIAL EQUATIONS,1,1,1,1,1,1,1,1,1,1,1,1,1,1,1,1,1
OC,MATH281,DIFFERENTIAL EQUATIONS,1,1,1,1,1,1,1,1,1,1,1,1,1,1,1,1,1
PA,CIS104,DATA ENTRY,1,1,1,1,1,1,1,1,1,1,1,1,1,1,1,1,1
PA,CIS190,DATA BASE FUNDAMENTALS,0,0,0,0,0,0,0,0,0,0,0,0,0,0,0,0,0
PA,CIS260,DATA STRUCTURES,1,1,1,1,1,1,1,1,1,1,1,1,1,1,1,1,1
PA,CIS290,DATABASE FUNDAMENTALS,0,0,0,0,0,0,0,0,0,0,0,0,0,0,0,0,0
PA,MA103,BASIC STATISTICS,1,1,1,1,1,1,1,1,1,1,1,1,1,1,1,1,1
PA,MA104,CALCULUS I,1,1,1,1,1,1,1,1,1,1,1,1,1,1,1,1,1
PA,MA105,CALCULUS II,0,0,0,0,0,0,0,0,0,0,0,0,0,0,0,0,0
PA,MA109,PRECALCULUS MATHEMATICS,1,1,1,1,1,1,1,1,1,1,1,1,1,1,1,1,1
PA,MA111,BUSINESS CALCULUS,1,1,1,1,1,1,1,1,1,1,1,1,1,1,1,1,1
PA,MA115,APPLIED CALCULUS,1,1,1,1,1,1,1,1,1,1,1,1,1,1,1,1,1
PA,MA120,CALCULUS I,1,1,1,1,1,1,1,1,1,1,1,1,1,1,1,1,1
PA,MA121,CALCULUS II,1,1,1,1,1,1,1,1,1,1,1,1,1,1,1,1,1
PA,MA200,ELEMENTARY LINEAR ALGEBRA,1,1,1,1,1,1,1,1,1,1,1,1,1,1,1,1,1
PA,MA201,CALCULUS III,1,1,1,1,1,1,1,1,1,1,1,1,1,1,1,1,1
RV,COMP102,COMPUTER LITERACY,1,1,1,1,1,1,1,1,1,1,1,1,1,1,1,1,1
RV,CSIT254,DATA STRUCTURES,1,1,1,1,1,1,1,1,1,1,1,1,1,1,1,1,1
RV,CSIT285,DATABASE DEVELOPMENT AND DESIGN,1,1,1,1,1,1,1,1,1,1,1,1,1,1,1,1,1
RV,MATH010,ARITHMETIC,0,0,0,0,0,0,0,0,0,0,0,0,0,0,0,0,0
RV,MATH013,ARITHMETIC I: COMPUTATION,0,0,0,0,0,0,0,0,0,0,0,0,0,0,0,0,0
RV,MATH014,ARITHMETIC II: PROPORTIONAL REASONING,0,0,0,0,0,0,0,0,0,0,0,0,0,0,0,0,0
RV,MATH020,ELEMENTARY ALGEBRA,1,1,1,1,1,1,1,1,1,1,1,1,1,1,1,1,1
RV,MATH020A,ELEMENTARY ALGEBRA PART 1,0,0,0,0,0,0,0,0,0,0,0,0,0,0,0,0,0
RV,MATH020R,ELEMENTARY ALGEBRA REVIEW,0,0,0,0,0,0,0,0,0,0,0,0,0,0,0,0,0
RV,MATH021,INTERMEDIATE ALGEBRA,1,1,1,1,1,1,1,1,1,1,1,1,1,1,1,1,1
RV,MATH022,ALGEBRA MOD I: EQUATIONS AND INEQUALITIES,0,0,0,0,0,0,0,0,0,0,0,0,0,0,0,0,0
RV,MATH023,ALGEBRA MOD 2: LINEAR BEHAVIOR,0,0,0,0,0,0,0,0,0,0,0,0,0,0,0,0,0
RV,MATH024,ALGEBRA MOD 3: POLYNOMIAL BEHAVIOR,0,0,0,0,0,0,0,0,0,0,0,0,0,0,0,0,0
RV,MATH025,ALGEBRA MOD 4:RATIONAL AND RADICAL BEHAVIOR,0,0,0,0,0,0,0,0,0,0,0,0,0,0,0,0,0
RV,MATH030,INTERMEDIATE ALGEBRA,1,1,1,1,1,1,1,1,1,1,1,1,1,1,1,1,1
RV,MATH030R,INTERMEDIATE ALGEBRA WITH ALGEBRA REVIEW,1,1,1,1,1,1,1,1,1,1,1,1,1,1,1,1,1
RV,MATH100,FINITE MATHEMATICS,1,1,1,1,1,1,1,1,1,1,1,1,1,1,1,1,1
RV,MATH101,NUMBER SYSTEMS,1,1,1,1,1,1,1,1,1,1,1,1,1,1,1,1,1
RV,MATH101R,NUMBER SYSTEMS WITH REVIEW,1,1,1,1,1,1,1,1,1,1,1,1,1,1,1,1,1
RV,MATH102,PROBLEM SOLVING STRATEGIES,1,1,1,1,1,1,1,1,1,1,1,1,1,1,1,1,1
RV,MATH103C,QUANTITATIVE REASONING,0,0,0,0,0,0,0,0,0,0,0,0,0,0,0,0,0
RV,MATH104,MATHEMATICAL PATTERNS IN NUMBERS AND SOUND,0,0,0,0,0,0,0,0,0,0,0,0,0,0,0,0,0
RV,MATH105,CONTEMPORARY MATHEMATICS,1,1,1,1,1,1,1,1,1,1,1,1,1,1,1,1,1
RV,MATH106,TECHNICAL MATH,0,0,0,0,0,0,0,0,0,0,0,0,0,0,0,0,0
RV,MATH107,MATH REASONING FOR EDUCATORS I,1,1,1,1,1,1,1,1,1,1,1,1,1,1,1,1,1
RV,MATH108,MATH REASONING FOR EDUCATORS II,1,1,1,1,1,1,1,1,1,1,1,1,1,1,1,1,1
RV,MATH109,INTEGRATED MATHEMATICS IV,1,1,1,1,1,1,1,1,1,1,1,1,1,1,1,1,1
RV,MATH110,STATISTICS I,1,1,1,1,1,1,1,1,1,1,1,1,1,1,1,1,1
RV,MATH111,STATISTICS II,1,1,1,1,1,1,1,1,1,1,1,1,1,1,1,1,1
RV,MATH111H,STATISTICS II HONORS,1,1,1,1,1,1,1,1,1,1,1,1,1,1,1,1,1
RV,MATH112,PRECALCULUS I,1,1,1,1,1,1,1,1,1,1,1,1,1,1,1,1,1
RV,MATH113,PRECALCULUS II,1,1,1,1,1,1,1,1,1,1,1,1,1,1,1,1,1
RV,MATH114H,PRECALCULUS HONORS,1,1,1,1,1,1,1,1,1,1,1,1,1,1,1,1,1
RV,MATH115H,"SUM, SEQUENCE SERIES - HONORS",1,1,1,1,1,1,1,1,1,1,1,1,1,1,1,1,1
RV,MATH116H,INTRODUCTION TO LIMITS - HONORS,1,1,1,1,1,1,1,1,1,1,1,1,1,1,1,1,1
RV,MATH117H,STATISTICS HONORS,1,1,1,1,1,1,1,1,1,1,1,1,1,1,1,1,1
RV,MATH118H,INTRO TO EXPERIMENTAL DESIGN,0,0,0,0,0,0,0,0,0,0,0,0,0,0,0,0,0
RV,MATH124,MATHEMATICAL THINKING,1,1,1,1,1,1,1,1,1,1,1,1,1,1,1,1,1
RV,MATH124H,MATHEMATICAL THINKING - HONORS,1,1,1,1,1,1,1,1,1,1,1,1,1,1,1,1,1
RV,MATH150,APPLIED CALCULUS,1,1,1,1,1,1,1,1,1,1,1,1,1,1,1,1,1
RV,MATH151,CALCULUS I,1,1,1,1,1,1,1,1,1,1,1,1,1,1,1,1,1
RV,MATH151H,CALCULUS I - HONORS,1,1,1,1,1,1,1,1,1,1,1,1,1,1,1,1,1
RV,MATH152,CALCULUS II,1,1,1,1,1,1,1,1,1,1,1,1,1,1,1,1,1
RV,MATH152H,CALCULUS II HONORS,1,1,1,1,1,1,1,1,1,1,1,1,1,1,1,1,1
RV,MATH211,PRECALCULUS,1,1,1,1,1,1,1,1,1,1,1,1,1,1,1,1,1
RV,MATH211H,PRECALCULUS - HONORS,1,1,1,1,1,1,1,1,1,1,1,1,1,1,1,1,1
RV,MATH212,"SUM, SEQUENCE SERIES",0,0,0,0,0,0,0,0,0,0,0,0,0,0,0,0,0
RV,MATH212H,"SUM, SEQUENCE SERIES - HONORS",0,0,0,0,0,0,0,0,0,0,0,0,0,0,0,0,0
RV,MATH213,INTRODUCTION TO LIMITS,0,0,0,0,0,0,0,0,0,0,0,0,0,0,0,0,0
RV,MATH213H,INTRODUCTION TO LIMITS - HONORS,1,1,1,1,1,1,1,1,1,1,1,1,1,1,1,1,1
RV,MATH214,MATHEMATICAL THINKING,0,0,0,0,0,0,0,0,0,0,0,0,0,0,0,0,0
RV,MATH214H,MATHEMATICAL THINKING - HONORS,1,1,1,1,1,1,1,1,1,1,1,1,1,1,1,1,1
RV,MATH215,INTRODUCTION TO EXPERIMENTAL DESIGN,0,0,0,0,0,0,0,0,0,0,0,0,0,0,0,0,0
RV,MATH215H,INTRODUCTION TO EXPERIMENTAL DESIGN - HONORS,1,1,1,1,1,1,1,1,1,1,1,1,1,1,1,1,1
RV,MATH222,STATISTICS I,1,1,1,1,1,1,1,1,1,1,1,1,1,1,1,1,1
RV,MATH223,STATISTICS II,1,1,1,1,1,1,1,1,1,1,1,1,1,1,1,1,1
RV,MATH228,MULTIVARIATE STATISTICS,0,0,0,0,0,0,0,0,0,0,0,0,0,0,0,0,0
RV,MATH251,CALCULUS III,1,1,1,1,1,1,1,1,1,1,1,1,1,1,1,1,1
RV,MATH254,DIFFERENTIAL EQUATIONS,1,1,1,1,1,1,1,1,1,1,1,1,1,1,1,1,1
RV,MATH255,DISCRETE MATHEMATICS,1,1,1,1,1,1,1,1,1,1,1,1,1,1,1,1,1
RV,MATH256,LINEAR ALGEBRA,1,1,1,1,1,1,1,1,1,1,1,1,1,1,1,1,1
RV,MATH296H,MATHEMATICS AND STATISTICS CAPSTONE RESEARCH HONOR,0,0,0,0,0,0,0,0,0,0,0,0,0,0,0,0,0
RV,MATH299,SPECIAL TOPICS IN MATHEMATICS,0,0,0,0,0,0,0,0,0,0,0,0,0,0,0,0,0
RV,MATH310,APPLIED CALCULUS,1,1,1,1,1,1,1,1,1,1,1,1,1,1,1,1,1
RV,MATH311,UNIFIED CALCULUS I,1,1,1,1,1,1,1,1,1,1,1,1,1,1,1,1,1
RV,MATH312,UNIFIED CALCULUS II,1,1,1,1,1,1,1,1,1,1,1,1,1,1,1,1,1
RV,MATH313,UNIFIED CALCULUS III,1,1,1,1,1,1,1,1,1,1,1,1,1,1,1,1,1
RV,MATH314,DIFFERENTIAL EQUATIONS,1,1,1,1,1,1,1,1,1,1,1,1,1,1,1,1,1
RV,MATH315,DISCRETE MATHEMATICS,1,1,1,1,1,1,1,1,1,1,1,1,1,1,1,1,1
RV,MATH316,LINEAR ALGEBRA,1,1,1,1,1,1,1,1,1,1,1,1,1,1,1,1,1
RV,MATH317,PROBABILITY THEORY,1,1,1,1,1,1,1,1,1,1,1,1,1,1,1,1,1
RV,MATH351,INDEPENDENT STUDY - REGRESSION ANALYSIS,0,0,0,0,0,0,0,0,0,0,0,0,0,0,0,0,0
RV,MATH375,MATHEMATICS CO-OP EDUCATION,0,0,0,0,0,0,0,0,0,0,0,0,0,0,0,0,0
SA,CS111,COMPUTER PROGRAMMING IN BASIC,1,1,1,1,1,1,1,1,1,1,1,1,1,1,1,1,1
SA,CS113,MICROCOMPUTER APPLICATIONS,1,1,1,1,1,1,1,1,1,1,1,1,1,1,1,1,1
SA,CS115,COMPUTER APPLICATIONS,1,1,1,1,1,1,1,1,1,1,1,1,1,1,1,1,1
SA,CS121,INTRODUCTION TO C++,1,1,1,1,1,1,1,1,1,1,1,1,1,1,1,1,1
SA,CS125,DATABASE MANAGEMENT,1,1,1,1,1,1,1,1,1,1,1,1,1,1,1,1,1
SA,CS130,OPERATING SYSTEMS,1,1,1,1,1,1,1,1,1,1,1,1,1,1,1,1,1
SA,CS212,INTRO TO PROGRAMMING IN C++,1,1,1,1,1,1,1,1,1,1,1,1,1,1,1,1,1
SA,CS214,DATA STRUCTURES WITH C++,1,1,1,1,1,1,1,1,1,1,1,1,1,1,1,1,1
SA,CS217,INTRODUCTION TO VISUAL BASIC,1,1,1,1,1,1,1,1,1,1,1,1,1,1,1,1,1
SA,CS225,ADVANCED VISUAL BASIC,1,1,1,1,1,1,1,1,1,1,1,1,1,1,1,1,1
SA,CS240,PROGRAMMING IN,1,1,1,1,1,1,1,1,1,1,1,1,1,1,1,1,1
SA,CS241,ADVANCED C++ CONCEPTS,1,1,1,1,1,1,1,1,1,1,1,1,1,1,1,1,1
SA,CS250,WEB PROGRAMMING,0,0,0,0,0,0,0,0,0,0,0,0,0,0,0,0,0
SA,CS251,INTRODUCTION TO JAVA PROGRAMMING,0,0,0,0,0,0,0,0,0,0,0,0,0,0,0,0,0
SA,CS252,ADVANCED JAVA CONCEPTS,1,1,1,1,1,1,1,1,1,1,1,1,1,1,1,1,1
SA,CS260,SYSTEMS ANALYSIS AND DESIGN,0,0,0,0,0,0,0,0,0,0,0,0,0,0,0,0,0
SA,MAT037,COLLEGE ALEBRA ENHANCEMENT,0,0,0,0,0,0,0,0,0,0,0,0,0,0,0,0,0
SA,MAT092,PRE-ALGEBRA,0,0,0,0,0,0,0,0,0,0,0,0,0,0,0,0,0
SA,MAT093,ELEMENTARY ALGEBRA,1,1,1,1,1,1,1,1,1,1,1,1,1,1,1,1,1
SA,MAT094,CONTEMPORARY MATH ENHANCEMENT,0,0,0,0,0,0,0,0,0,0,0,0,0,0,0,0,0
SA,MAT095,INTERMEDIATE ALGEBRA,1,1,1,1,1,1,1,1,1,1,1,1,1,1,1,1,1
SA,MAT100,APPLIED MATHEMATICS,0,0,0,0,0,0,0,0,0,0,0,0,0,0,0,0,0
SA,MAT105,APPLIED MATH FOR INDUSTRIAL TEC,1,1,1,1,1,1,1,1,1,1,1,1,1,1,1,1,1
SA,MAT110,INTRODUCTION TO COLLEGE MATHEMATICS,0,0,0,0,0,0,0,0,0,0,0,0,0,0,0,0,0
SA,MAT115,FUNDAMENTALS OF MATH FOR NURSING,0,0,0,0,0,0,0,0,0,0,0,0,0,0,0,0,0
SA,MAT131,COLLEGE ALGEBRA I,0,0,0,0,0,0,0,0,0,0,0,0,0,0,0,0,0
SA,MAT132,ALGEBRA II,1,1,1,1,1,1,1,1,1,1,1,1,1,1,1,1,1
SA,MAT134,CONTEMPORARY MATHEMATICS,1,1,1,1,1,1,1,1,1,1,1,1,1,1,1,1,1
SA,MAT135,INTERMEDIATE ALGEBRA,1,1,1,1,1,1,1,1,1,1,1,1,1,1,1,1,1
SA,MAT136,INTERMEDIATE ALGEBRA,0,0,0,0,0,0,0,0,0,0,0,0,0,0,0,0,0
SA,MAT137,COLLEGE ALGEBRA,1,1,1,1,1,1,1,1,1,1,1,1,1,1,1,1,1
SA,MAT143,ENGINEERING TECHNOLOGY MATHEMATICS,0,0,0,0,0,0,0,0,0,0,0,0,0,0,0,0,0
SA,MAT145,COLLEGE TRIGONOMETRY,1,1,1,1,1,1,1,1,1,1,1,1,1,1,1,1,1
SA,MAT151,ELEMENTARY FUNCTIONS,1,1,1,1,1,1,1,1,1,1,1,1,1,1,1,1,1
SA,MAT153,PRECALCULUS,1,1,1,1,1,1,1,1,1,1,1,1,1,1,1,1,1
SA,MAT170,DISCRETE MATH,1,1,1,1,1,1,1,1,1,1,1,1,1,1,1,1,1
SA,MAT201,STATISTICS,1,1,1,1,1,1,1,1,1,1,1,1,1,1,1,1,1
SA,MAT205,INDUSTRIAL STATISTICS,1,1,1,1,1,1,1,1,1,1,1,1,1,1,1,1,1
SA,MAT210,CALCULUS WITH APPS TO MANAGEMENT AND SOCIAL SCIENC,1,1,1,1,1,1,1,1,1,1,1,1,1,1,1,1,1
SA,MAT211,CALCULUS REVIEW,1,1,1,1,1,1,1,1,1,1,1,1,1,1,1,1,1
SA,MAT231,CALCULUS I,1,1,1,1,1,1,1,1,1,1,1,1,1,1,1,1,1
SA,MAT232,CALCULUS II,1,1,1,1,1,1,1,1,1,1,1,1,1,1,1,1,1
SA,MAT233,CALCULUS III,1,1,1,1,1,1,1,1,1,1,1,1,1,1,1,1,1
SA,MAT240,LINEAR ALGEBRA,1,1,1,1,1,1,1,1,1,1,1,1,1,1,1,1,1
SX,COMS217,DATABASE MANAGEMENT SYSTEMS,0,0,0,0,0,0,0,0,0,0,0,0,0,0,0,0,0
SX,COMS218,DATABASE MANAGEMENT SYSTEMS,1,1,1,1,1,1,1,1,1,1,1,1,1,1,1,1,1
SX,COMS223,DATA STRUCTURES,1,1,1,1,1,1,1,1,1,1,1,1,1,1,1,1,1
SX,MATH101,COLLEGE ALGEBRA I,0,0,0,0,0,0,0,0,0,0,0,0,0,0,0,0,0
SX,MATH102,COLLEGE ALGEBRA II,0,0,0,0,0,0,0,0,0,0,0,0,0,0,0,0,0
SX,MATH104,CONTEMPORARY MATHEMATICS,1,1,1,1,1,1,1,1,1,1,1,1,1,1,1,1,1
SX,MATH105,TECHNICAL MATHEMATICS,1,1,1,1,1,1,1,1,1,1,1,1,1,1,1,1,1
SX,MATH106,MATHEMATICAL CONCEPTS,1,1,1,1,1,1,1,1,1,1,1,1,1,1,1,1,1
SX,MATH108,STATISTICS,1,1,1,1,1,1,1,1,1,1,1,1,1,1,1,1,1
SX,MATH110,PRE-CALCULUS I,1,1,1,1,1,1,1,1,1,1,1,1,1,1,1,1,1
SX,MATH111,BUSINESS CALCULUS,1,1,1,1,1,1,1,1,1,1,1,1,1,1,1,1,1
SX,MATH112,PRE-CALCULUS II,1,1,1,1,1,1,1,1,1,1,1,1,1,1,1,1,1
SX,MATH113,CALCULUS I,1,1,1,1,1,1,1,1,1,1,1,1,1,1,1,1,1
SX,MATH114,CALCULUS II,1,1,1,1,1,1,1,1,1,1,1,1,1,1,1,1,1
SX,MATH115,CALCULUS III,1,1,1,1,1,1,1,1,1,1,1,1,1,1,1,1,1
SX,MATH118,APPLIED COLLEGE MATH,1,1,1,1,1,1,1,1,1,1,1,1,1,1,1,1,1
SX,MATH119,APPLIED CALCULUS,1,1,1,1,1,1,1,1,1,1,1,1,1,1,1,1,1
SX,MATH201,DISCRETE MATHEMATICS,1,1,1,1,1,1,1,1,1,1,1,1,1,1,1,1,1
SX,MATH205,BUSINESS CALCULUS,1,1,1,1,1,1,1,1,1,1,1,1,1,1,1,1,1
SX,MATH210,STATISTICS,1,1,1,1,1,1,1,1,1,1,1,1,1,1,1,1,1
SX,MATH213,CALCULUS III,1,1,1,1,1,1,1,1,1,1,1,1,1,1,1,1,1
SX,MATH215,LINEAR ALGEBRA,1,1,1,1,1,1,1,1,1,1,1,1,1,1,1,1,1
SX,MATH220,ORDINARY DIFFERENTIAL EQUATIONS WITH APPLICATIONS,1,1,1,1,1,1,1,1,1,1,1,1,1,1,1,1,1
SX,MATH222,STATISTICS AND RESEARCH METHODS IN PSYCHOLOGY,1,1,1,1,1,1,1,1,1,1,1,1,1,1,1,1,1
UI,CIS104,DATA BASE MANAGEMENT,0,0,0,0,0,0,0,0,0,0,0,0,0,0,0,0,0
UI,CIS105,DATA COMMUNICATIONS AND NETWORKS,1,1,1,1,1,1,1,1,1,1,1,1,1,1,1,1,1
UI,CIS204,DATA BASE MAMAGEMENT,1,1,1,1,1,1,1,1,1,1,1,1,1,1,1,1,1
UI,CIS205,DATA COMMUNICATIONS AND NETWORKS,1,1,1,1,1,1,1,1,1,1,1,1,1,1,1,1,1
UI,MAT001,MATHEMATICAL COMPUTATIONS AND PROBLEM SOLVING,0,0,0,0,0,0,0,0,0,0,0,0,0,0,0,0,0
UI,MAT002,ELEMENTARY ALGEBRA,0,0,0,0,0,0,0,0,0,0,0,0,0,0,0,0,0
UI,MAT005,INTERMEDIATE ALGEBRA,0,0,0,0,0,0,0,0,0,0,0,0,0,0,0,0,0
UI,MAT006,TRIGONOMETRY,0,0,0,0,0,0,0,0,0,0,0,0,0,0,0,0,0
UI,MAT012,ESL MATHEMATICS,0,0,0,0,0,0,0,0,0,0,0,0,0,0,0,0,0
UI,MAT025,ELEMEMTARY ALGEBRA I,0,0,0,0,0,0,0,0,0,0,0,0,0,0,0,0,0
UI,MAT026,ELEMENTARY ALGEBRA II,0,0,0,0,0,0,0,0,0,0,0,0,0,0,0,0,0
UI,MAT055,INTERMEDIATE ALGEBRA,0,0,0,0,0,0,0,0,0,0,0,0,0,0,0,0,0
UI,MAT066,TRIGONOMETRY,0,0,0,0,0,0,0,0,0,0,0,0,0,0,0,0,0
UI,MAT100,MATH FOR PHARMACOLOGY,0,0,0,0,0,0,0,0,0,0,0,0,0,0,0,0,0
UI,MAT101,FINITE MATHEMATICS,0,0,0,0,0,0,0,0,0,0,0,0,0,0,0,0,0
UI,MAT105,SURVEY OF SPECIAL TOPICS IN MATHEMATICS,0,0,0,0,0,0,0,0,0,0,0,0,0,0,0,0,0
UI,MAT106,MATHEMATICS FOR MANAGEMENT AND SOCIAL SCIENCES,0,0,0,0,0,0,0,0,0,0,0,0,0,0,0,0,0
UI,MAT107,ELEMENTARY STATISTICS,1,1,1,1,1,1,1,1,1,1,1,1,1,1,1,1,1
UI,MAT108,BASIC PROGRAMMING AND APPLICATIONS,1,1,1,1,1,1,1,1,1,1,1,1,1,1,1,1,1
UI,MAT111,ELEMENTARY FUNCTIONS,0,0,0,0,0,0,0,0,0,0,0,0,0,0,0,0,0
UI,MAT112,ELEMENTARY APPLIED ANALYSIS,0,0,0,0,0,0,0,0,0,0,0,0,0,0,0,0,0
UI,MAT113,MATH APPLICATIONS,1,1,1,1,1,1,1,1,1,1,1,1,1,1,1,1,1
UI,MAT115,COLLEGE ALGEBRA AND TRIGONOMETRY,0,0,0,0,0,0,0,0,0,0,0,0,0,0,0,0,0
UI,MAT117,AN INTRODUCTION TO MATHEMATICAL IDEAS,1,1,1,1,1,1,1,1,1,1,1,1,1,1,1,1,1
UI,MAT119,ALGEBRA,0,0,0,0,0,0,0,0,0,0,0,0,0,0,0,0,0
UI,MAT121,CALCULUS AND ANALYTIC GEOMETRY I,1,1,1,1,1,1,1,1,1,1,1,1,1,1,1,1,1
UI,MAT122,CALCULUS AND ANALYTIC GEOMETRY II,1,1,1,1,1,1,1,1,1,1,1,1,1,1,1,1,1
UI,MAT125,SURVEY OF SPECIAL TOPICS IN MATHEMATICS,1,1,1,1,1,1,1,1,1,1,1,1,1,1,1,1,1
UI,MAT126,MATHEMATICS FOR MANAGEMENT AND SOCIAL SCIENCES,1,1,1,1,1,1,1,1,1,1,1,1,1,1,1,1,1
UI,MAT127,ELEMENTARY STATISTICS,1,1,1,1,1,1,1,1,1,1,1,1,1,1,1,1,1
UI,MAT128,BASIC PROGRAMMING AND APPLICATIONS,1,1,1,1,1,1,1,1,1,1,1,1,1,1,1,1,1
UI,MAT129,ELEMENTS OF STATISTICAL INFERENCE,1,1,1,1,1,1,1,1,1,1,1,1,1,1,1,1,1
UI,MAT130,WOMEN IN MATHEMATICS AND SCIENCE,1,1,1,1,1,1,1,1,1,1,1,1,1,1,1,1,1
UI,MAT131,UNIFIED CALCULUS I,1,1,1,1,1,1,1,1,1,1,1,1,1,1,1,1,1
UI,MAT132,UNIFIED CALCULUS II,1,1,1,1,1,1,1,1,1,1,1,1,1,1,1,1,1
UI,MAT133,TRIGONOMETRY,0,0,0,0,0,0,0,0,0,0,0,0,0,0,0,0,0
UI,MAT141,TECHNICAL MATHEMATICS I,0,0,0,0,0,0,0,0,0,0,0,0,0,0,0,0,0
UI,MAT142,TECHNICAL MATHEMATICS II,0,0,0,0,0,0,0,0,0,0,0,0,0,0,0,0,0
UI,MAT143,ELEMENTARY MATHEMATICAL ANALYSIS I,1,1,1,1,1,1,1,1,1,1,1,1,1,1,1,1,1
UI,MAT144,ELEMENTARY MATHEMATICAL ANALYSIS II,1,1,1,1,1,1,1,1,1,1,1,1,1,1,1,1,1
UI,MAT145,ELEMENTARY FUNCTIONS,0,0,0,0,0,0,0,0,0,0,0,0,0,0,0,0,0
UI,MAT146,BRIEF CALCULUS WITH APPLICATIONS,1,1,1,1,1,1,1,1,1,1,1,1,1,1,1,1,1
UI,MAT148,INTRODUCTION TO GRAPHICS CALCULATORS/DERIVE,0,0,0,0,0,0,0,0,0,0,0,0,0,0,0,0,0
UI,MAT152,ELEMENTS OF STATISTICAL INFERENCE,1,1,1,1,1,1,1,1,1,1,1,1,1,1,1,1,1
UI,MAT155,ELEMENTARY MATHEMATICAL ANALYSIS,0,0,0,0,0,0,0,0,0,0,0,0,0,0,0,0,0
UI,MAT156,BUSINESS MATHEMATICS,0,0,0,0,0,0,0,0,0,0,0,0,0,0,0,0,0
UI,MAT161,CALCULUS AND ANALYTIC GEOMETRY I,1,1,1,1,1,1,1,1,1,1,1,1,1,1,1,1,1
UI,MAT162,CALCULUS AND ANALYTIC GEOMETRY II,1,1,1,1,1,1,1,1,1,1,1,1,1,1,1,1,1
UI,MAT165,ALGEBRA,0,0,0,0,0,0,0,0,0,0,0,0,0,0,0,0,0
UI,MAT171,UNIFIED CALCULUS I,1,1,1,1,1,1,1,1,1,1,1,1,1,1,1,1,1
UI,MAT172,UNIFIED CALCULUS II,1,1,1,1,1,1,1,1,1,1,1,1,1,1,1,1,1
UI,MAT185,INTRODUCTION TO TI-85 GRAPHICS CALCULATOR/DERIVE,0,0,0,0,0,0,0,0,0,0,0,0,0,0,0,0,0
UI,MAT201,CALCULUS AND ANALYTIC GEOMETRY III,1,1,1,1,1,1,1,1,1,1,1,1,1,1,1,1,1
UI,MAT204,BUSINESS STATISTICAL ANALYSIS,1,1,1,1,1,1,1,1,1,1,1,1,1,1,1,1,1
UI,MAT205,LINEAR ALGEBRA,1,1,1,1,1,1,1,1,1,1,1,1,1,1,1,1,1
UI,MAT211,UNIFIED CALCULUS III,1,1,1,1,1,1,1,1,1,1,1,1,1,1,1,1,1
UI,MAT212,DIFFERENTIAL EQUATIONS,1,1,1,1,1,1,1,1,1,1,1,1,1,1,1,1,1
UI,MAT215,TECHNICAL MATHEMATICS III,0,0,0,0,0,0,0,0,0,0,0,0,0,0,0,0,0
UI,MAT228,ADVANCED TOPICS IN COMPUTER SCIENCE,1,1,1,1,1,1,1,1,1,1,1,1,1,1,1,1,1
UI,MAT230,WOMEN IN MATHEMATICS AND SCIENCE,1,1,1,1,1,1,1,1,1,1,1,1,1,1,1,1,1
UI,MAT231,CALCULUS I,1,1,1,1,1,1,1,1,1,1,1,1,1,1,1,1,1
UI,MAT240,TECHNICAL MATHEMATICS III,1,1,1,1,1,1,1,1,1,1,1,1,1,1,1,1,1
UI,MAT241,TECHNICAL MATHEMATICS III,0,0,0,0,0,0,0,0,0,0,0,0,0,0,0,0,0
UI,MAT246,BUSINESS STATISTICAL ANALYSIS,1,1,1,1,1,1,1,1,1,1,1,1,1,1,1,1,1
UI,MAT248,PROBABILITY AND STATISTICS,1,1,1,1,1,1,1,1,1,1,1,1,1,1,1,1,1
UI,MAT261,CALCULUS AND ANALYTIC GEOMETRY III,1,1,1,1,1,1,1,1,1,1,1,1,1,1,1,1,1
UI,MAT265,LINEAR ALGEBRA,1,1,1,1,1,1,1,1,1,1,1,1,1,1,1,1,1
UI,MAT266,SURVEY OF MODERN MATHEMATICS,1,1,1,1,1,1,1,1,1,1,1,1,1,1,1,1,1
UI,MAT267,DISCRETE MATHEMATICS,1,1,1,1,1,1,1,1,1,1,1,1,1,1,1,1,1
UI,MAT271,UNIFIED CALCULUS III,1,1,1,1,1,1,1,1,1,1,1,1,1,1,1,1,1
UI,MAT272,DIFFERENTIAL EQUATIONS,1,1,1,1,1,1,1,1,1,1,1,1,1,1,1,1,1
UI,MAT280,PROJECTS IN MATHEMATICS,0,0,0,0,0,0,0,0,0,0,0,0,0,0,0,0,0
WA,MAT025,MATH REVIEW (HRD),0,0,0,0,0,0,0,0,0,0,0,0,0,0,0,0,0
WA,MAT032,MATHEMATICS/INDUSTRY,0,0,0,0,0,0,0,0,0,0,0,0,0,0,0,0,0
WA,MAT050,BASIC MATH,0,0,0,0,0,0,0,0,0,0,0,0,0,0,0,0,0
WA,MAT051,INTRODUCTORY ALGEBRA,1,1,1,1,1,1,1,1,1,1,1,1,1,1,1,1,1
WA,MAT052,INTERMEDIATE ALGEBRA,1,1,1,1,1,1,1,1,1,1,1,1,1,1,1,1,1
WA,MAT053,INTRODUCTORY AND INTERMEDIATE ALGEBRA,1,1,1,1,1,1,1,1,1,1,1,1,1,1,1,1,1
WA,MAT054,BASIC ALGEBRA,0,0,0,0,0,0,0,0,0,0,0,0,0,0,0,0,0
WA,MAT061,HIGH SCHOOL TRIGONOMETRY,0,0,0,0,0,0,0,0,0,0,0,0,0,0,0,0,0
WA,MAT101,ELEMENTARY ALGEBRA I,0,0,0,0,0,0,0,0,0,0,0,0,0,0,0,0,0
WA,MAT102,ELEMENTARY ALGEBRA II,1,1,1,1,1,1,1,1,1,1,1,1,1,1,1,1,1
WA,MAT104,TECHNICAL MATH,0,0,0,0,0,0,0,0,0,0,0,0,0,0,0,0,0
WA,MAT110,TOPICS OF MATHEMATICS,1,1,1,1,1,1,1,1,1,1,1,1,1,1,1,1,1
WA,MAT111,MATH ANALYSIS FOR BUSINESS AND ECONOMICS,1,1,1,1,1,1,1,1,1,1,1,1,1,1,1,1,1
WA,MAT129,MATH ANALYSIS FOR BUSINESS AND ECONOMICS,1,1,1,1,1,1,1,1,1,1,1,1,1,1,1,1,1
WA,MAT131,COLLEGE ALGEBRA,1,1,1,1,1,1,1,1,1,1,1,1,1,1,1,1,1
WA,MAT141,PRE-CALCULUS,1,1,1,1,1,1,1,1,1,1,1,1,1,1,1,1,1
WA,MAT150,ELEMENTS OF STATISTICS,1,1,1,1,1,1,1,1,1,1,1,1,1,1,1,1,1
WA,MAT151,STATISTICS,1,1,1,1,1,1,1,1,1,1,1,1,1,1,1,1,1
WA,MAT156,COLLEGE ALGEBRA I,0,0,0,0,0,0,0,0,0,0,0,0,0,0,0,0,0
WA,MAT157,COLLEGE ALGEBRA II,1,1,1,1,1,1,1,1,1,1,1,1,1,1,1,1,1
WA,MAT158,ALGEBRA AND TRIGONOMETRY I,0,0,0,0,0,0,0,0,0,0,0,0,0,0,0,0,0
WA,MAT159,ALGEBRA AND TRIGONOMETRY II,0,0,0,0,0,0,0,0,0,0,0,0,0,0,0,0,0
WA,MAT160,PRE-CALCULUS,1,1,1,1,1,1,1,1,1,1,1,1,1,1,1,1,1
WA,MAT201,CALCULUS I,1,1,1,1,1,1,1,1,1,1,1,1,1,1,1,1,1
WA,MAT202,CALCULUS II,1,1,1,1,1,1,1,1,1,1,1,1,1,1,1,1,1
WA,MAT204,DIFFERENTIAL EQUATIONS,0,0,0,0,0,0,0,0,0,0,0,0,0,0,0,0,0
WA,MAT219,STATISTICS,1,1,1,1,1,1,1,1,1,1,1,1,1,1,1,1,1
WA,MAT261,CALCULUS III,1,1,1,1,1,1,1,1,1,1,1,1,1,1,1,1,1
WA,MAT262,CALCULUS II,1,1,1,1,1,1,1,1,1,1,1,1,1,1,1,1,1
