SI,Course ID,Course Title,Number_of_Non_Transfers,Non_Transferring_To
AT,MATH070,MATH SKILLS REVIEW,10,"['CE', 'FD', 'FM', 'KE', 'MO', 'NI', 'NU', 'RI', 'RM', 'RO']"
AT,MATH073,INTRODUCTION TO ALGEBRA I - PRE-ALGEBRA,9,"['CE', 'FD', 'FM', 'KE', 'MO', 'NI', 'NU', 'RI', 'RO']"
AT,MATH074,INTRODUCTION TO ALGEBRA II,9,"['CE', 'FD', 'FM', 'KE', 'MO', 'NI', 'NU', 'RI', 'RO']"
AT,MATH080,ELEMENTARY ALGEBRA,9,"['CE', 'FD', 'FM', 'KE', 'MO', 'NI', 'NU', 'RI', 'RO']"
AT,MATH071,FOUNDATIONAL MATH,8,"['CE', 'FM', 'MO', 'NI', 'NU', 'RI', 'RM', 'RO']"
AT,MATH099,ACCELERATED ELEMENTARY ALGEBRA,7,"['FD', 'FM', 'MO', 'NI', 'NU', 'RI', 'RO']"
AT,MATH119,INTERMEDIATE ALGEBRA,2,"['NI', 'RO']"
AT,MATH210,STATISTICS,2,"['MO', 'RI']"
AT,MATH121,APPLICATIONS OF MATHEMATICS,1,['NI']
AT,MATH128,TRIGONOMETRY,1,['NI']
BE,MAT010,BASIC MATHEMATICS SUPPORT,10,"['CE', 'FD', 'FM', 'KE', 'MO', 'NI', 'NU', 'RI', 'RM', 'RO']"
BE,MAT012,ACCELERATED BASIC MATHEMATICS,10,"['CE', 'FD', 'FM', 'KE', 'MO', 'NI', 'NU', 'RI', 'RM', 'RO']"
BE,MAT090,INTERMEDIATE ALGEBRA SUPPORT,10,"['CE', 'FD', 'FM', 'KE', 'MO', 'NI', 'NU', 'RI', 'RM', 'RO']"
BE,MAT091,PRE-CALCULUS SUPPORT,10,"['CE', 'FD', 'FM', 'KE', 'MO', 'NI', 'NU', 'RI', 'RM', 'RO']"
BE,MAT093,CALCULUS II SUPPORT,10,"['CE', 'FD', 'FM', 'KE', 'MO', 'NI', 'NU', 'RI', 'RM', 'RO']"
BE,MAT011,BASIC MATHEMATICS,9,"['CE', 'FD', 'FM', 'KE', 'MO', 'NI', 'NU', 'RI', 'RO']"
BE,MAT030,ALGEBRA REVIEW,9,"['CE', 'FD', 'FM', 'KE', 'MO', 'NI', 'NU', 'RI', 'RO']"
BE,MAT031,ALGEBRA A,9,"['CE', 'FD', 'FM', 'KE', 'MO', 'NI', 'NU', 'RI', 'RO']"
BE,MAT032,ALGEBRA B,9,"['CE', 'FD', 'FM', 'KE', 'MO', 'NI', 'NU', 'RI', 'RO']"
BE,MAT033,ALGEBRA A SUPPORT,9,"['CE', 'FD', 'FM', 'KE', 'MO', 'NI', 'NU', 'RI', 'RO']"
BE,MAT034,ALGEBRA B SUPPORT,9,"['CE', 'FD', 'FM', 'KE', 'MO', 'NI', 'NU', 'RI', 'RO']"
BE,MAT035,ALGEBRA,9,"['CE', 'FD', 'FM', 'KE', 'MO', 'NI', 'NU', 'RI', 'RO']"
BE,MAT045,INTERMEDIATE ALGEBRA,9,"['CE', 'FD', 'FM', 'KE', 'MO', 'NI', 'NU', 'RI', 'RO']"
BE,MAT092,CALCULUS I SUPPORT,9,"['CE', 'FD', 'FM', 'KE', 'MO', 'NI', 'NU', 'RI', 'RM']"
BE,MAT044,ALGEBRA TOPICS,8,"['CE', 'FD', 'FM', 'KE', 'MO', 'NI', 'NU', 'RI']"
BE,INF100,KEYBOARDING I,7,"['FD', 'FM', 'KE', 'NI', 'NU', 'RM', 'RO']"
BE,INF113,WORD FOR WINDOWS FUNDAMENTALS,7,"['FD', 'FM', 'KE', 'NI', 'NU', 'RM', 'RO']"
BE,INF200,KEYBOARDING II,7,"['FD', 'FM', 'KE', 'NI', 'NU', 'RM', 'RO']"
BE,INF213,MICROSOFT WORD - COMPREHENSIVE,7,"['FD', 'FM', 'KE', 'NI', 'NU', 'RM', 'RO']"
BE,INF214,ADMINISTRATAIVE SIMULATION,7,"['FD', 'FM', 'KE', 'NI', 'NU', 'RM', 'RO']"
BE,MAT040,ALGEBRA FOR LIBERAL ARTS,7,"['FD', 'FM', 'KE', 'MO', 'NI', 'NU', 'RI']"
BE,INF216,DOCUMENT PROCESSING,5,"['FD', 'NI', 'NU', 'RM', 'RO']"
BE,INF238,ADVANCED LOTUS/WINDOWS,5,"['NI', 'NU', 'RI', 'RM', 'RO']"
BE,INF250,ADVANCED WEB PUBLISHING WITH HTML,5,"['NI', 'NU', 'RI', 'RM', 'RO']"
BE,INF262,ACCESSING THE INTERNET,5,"['NI', 'NU', 'RI', 'RM', 'RO']"
BE,INF112,MICROSOFT WINDOWS,4,"['NI', 'NU', 'RI', 'RO']"
BE,INF115,DESKTOP PUBLISHING,4,"['KE', 'NI', 'NU', 'RO']"
BE,INF119,DOCUMENT PROCESSING,4,"['KE', 'NI', 'NU', 'RO']"
BE,INF120,POWERPOINT,4,"['KE', 'NI', 'NU', 'RO']"
BE,INF135,MICROCOMPUTER SPREADSHEET: LOTUS,4,"['NI', 'NU', 'RI', 'RO']"
BE,INF142,WINDOWS NT,4,"['NU', 'RI', 'RM', 'RO']"
BE,INF161,INTERNET RESEARCH AND DATA HANDLING,4,"['NI', 'NU', 'RM', 'RO']"
BE,INF170,NETWORK EXPERIENCE,4,"['CE', 'RI', 'RM', 'RO']"
BE,INF225,UNIX OPERATING SYSTEM,4,"['NI', 'NU', 'RM', 'RO']"
BE,CIS461,CO-OP WORK EXPERIENCE (COMPUTER SCIENCE),3,"['KE', 'NI', 'NU']"
BE,CIS462,CO-OP WORK EXPERIENCE (COMPUTER SCIENCE),3,"['KE', 'NI', 'NU']"
BE,CIS463,CO-OP WORK EXPERIENCE (COMPUTER SCIENCE),3,"['KE', 'NI', 'NU']"
BE,INF107,MINICOMPUTER OPERATIONS,3,"['NI', 'RM', 'RO']"
BE,INF124,SPREADSHEET: EXCEL,3,"['NI', 'NU', 'RO']"
BE,INF141,WEB PUBLISHING WITH HTML,3,"['NU', 'RM', 'RO']"
BE,INF143,WEB PUBLISHING,3,"['NU', 'RM', 'RO']"
BE,INF144,WINDOWS DESKTOP OPERATIONS,3,"['NI', 'NU', 'RO']"
BE,INF151,DATABASE: ACCESS,3,"['NI', 'NU', 'RO']"
BE,INF155,UNIX OPERATING SYSTEM,3,"['NI', 'NU', 'RO']"
BE,INF162,INTRODUCTION TO THE INTERNET,3,"['NU', 'RM', 'RO']"
BE,INF163,INTERNET CONCEPTS AND APPLICATIONS,3,"['NI', 'RM', 'RO']"
BE,INF215,OFFICE SIMULATION,3,"['FD', 'NI', 'RO']"
BE,INF226,ADVANCED UNIX,3,"['NI', 'NU', 'RO']"
BE,INF228,EXCEL FOR PROBLEM SOLVING,3,"['NI', 'NU', 'RO']"
BE,INF232,WINDOWS CLIENT,3,"['NI', 'RM', 'RO']"
BE,INF235,"ADVANCED PC UPGRADE, MAINTENANCE AND DIAGNOSIS",3,"['NI', 'RM', 'RO']"
BE,INF245,"DATABASE:SQL, STRUCTURED QUERY LANGUAGE",3,"['NI', 'NU', 'RO']"
BE,INF248,ACTIVEX CONTROL DEVELOPMENT USING VISUAL BASIC,3,"['NI', 'NU', 'RO']"
BE,INF251,ADVANCED ACCESS,3,"['NI', 'NU', 'RO']"
BE,INF252,WINDOWS SERVER,3,"['NI', 'RM', 'RO']"
BE,INF253,TECHNICAL COMMUNICATIONS,3,"['NI', 'RM', 'RO']"
BE,INF255,NETWORK PLANNING AND DESIGN,3,"['NI', 'RM', 'RO']"
BE,INF257,NETWORK TROUBLESHOOTING,3,"['NI', 'RM', 'RO']"
BE,INF258,TCP/IP,3,"['NI', 'RM', 'RO']"
BE,INF260,TECHNICAL SUPPORT OPERATIONS,3,"['NI', 'RM', 'RO']"
BE,INF263,ADVANCED WEB DEVELOPMENT,3,"['NI', 'RM', 'RO']"
BE,INF270,DIGITAL FORENSICS,3,"['CE', 'RM', 'RO']"
BE,INF272,WINDOWS ACTIVE DIRECTORY,3,"['CE', 'RM', 'RO']"
BE,INF273,INTRUSION DETECTION AND PREVENTION,3,"['CE', 'RM', 'RO']"
BE,INF291,CO-OP WORK EXPERIENCE (INFORMATION TECHNOLOGY),3,"['NI', 'NU', 'RO']"
BE,INF292,CO-OP WORK EXPERIENCE (INFORMATION TECHNOLOGY),3,"['NI', 'NU', 'RO']"
BE,INF293,CO-OP WORK EXPERIENCE (INFORMATION TECHNOLOGY),3,"['NI', 'NU', 'RO']"
BE,INF294,CO-OP WORK EXPERIENCE (INFORMATION TECHNOLOGY),3,"['NI', 'NU', 'RO']"
BE,INF461,CO-OP WORK EXPERIENCE (INFORMATION TECHNOLOGY),3,"['NI', 'NU', 'RO']"
BE,INF462,CO-OP WORK EXPERIENCE (INFORMATION TECHNOLOGY),3,"['NI', 'NU', 'RO']"
BE,INF463,CO-OP WORK EXPERIENCE (INFORMATION TECHNOLOGY),3,"['NI', 'NU', 'RO']"
BE,INF464,CO-OP WORK EXPERIENCE (INFORMATION TECHNOLOGY),3,"['NI', 'NU', 'RO']"
BE,MAT461,CO-OP WORK EXPERIENCE (COMPUTER SCIENCE),3,"['KE', 'NI', 'NU']"
BE,MAT462,CO-OP WORK EXPERIENCE (COMPUTER SCIENCE),3,"['KE', 'NI', 'NU']"
BE,MAT463,CO-OP WORK EXPERIENCE (COMPUTER SCIENCE),3,"['KE', 'NI', 'NU']"
BE,INF102,INTRODUCTION TO COMPUTING,2,"['NI', 'RI']"
BE,INF108,PC MAINTENANCE,2,"['RM', 'RO']"
BE,INF114,MICROSOFT OFFICE,2,"['NI', 'RO']"
BE,INF130,TESTING AND QUALITY ASSURANCE,2,"['RI', 'RO']"
BE,INF140,INTRODUCTION TO MULTIMEDIA,2,"['NI', 'RO']"
BE,INF146,WEB DEVELOPMENT,2,"['NI', 'RO']"
BE,INF147,WEB DEVELOPMENT USING DREAMWEAVER,2,"['NI', 'RO']"
BE,INF152,C/C++ PROGRAMMING,2,"['NI', 'RO']"
BE,INF153,JAVA PROGRAMMING,2,"['NI', 'RO']"
BE,INF160,NETWORKING TECHNOLOGIES AND DATA COMMUNICATIONS,2,"['NI', 'RO']"
BE,INF164,NETWORKING FUNDAMENTALS I,2,"['RM', 'RO']"
BE,INF165,INTRODUCTION TO LINUX,2,"['CE', 'RO']"
BE,INF166,INTRODUCTION TO STAROFFICE,2,"['RM', 'RO']"
BE,INF202,COBOL PROGRAMMING,2,"['NI', 'RO']"
BE,INF217,DATABASE FOR APPLICATIONS (ORACLE),2,"['NI', 'RO']"
BE,INF224,ADVANCED C++ PROGRAMMING,2,"['NI', 'RO']"
BE,INF237,INTRODUCTION TO BUSINESS EXPERT SYSTEMS,2,"['NI', 'RO']"
BE,INF239,APPLICATIONS DEVELOPMENT,2,"['NI', 'RO']"
BE,INF241,JAVA FOR BUSINESS APPLICATIONS,2,"['NI', 'RO']"
BE,INF242,RPG/400 PROGRAMMING,2,"['NI', 'RO']"
BE,INF243,ADVANCED RPG/400 PROGRAMMING,2,"['NI', 'RO']"
BE,INF246,ADVANCED VISUAL BASIC PROGRAMMING,2,"['NI', 'RO']"
BE,INF249,VISUAL C++ FOR WINDOWS WITH MFC,2,"['NI', 'RO']"
BE,INF254,UNIX/LINUX FOR NETWORK ADMINISTRATORS,2,"['NI', 'RO']"
BE,INF256,TOPICS IN NETWORKING,2,"['NI', 'RO']"
BE,INF264,NETWORKING FUNDAMENTALS II,2,"['RM', 'RO']"
BE,INF265,NETWORK CONFIGURATION I,2,"['RM', 'RO']"
BE,INF266,NETWORK CONFIGURATION II,2,"['RM', 'RO']"
BE,INF267,NETWORK SECURITY,2,"['RM', 'RO']"
BE,INF271,ETHICAL HACKING,2,"['RM', 'RO']"
BE,CIS158,INTRODUCTION TO COMPUTER SCIENCE,1,['NI']
BE,CIS163,COMPUTER PROGRAMMING: Q BASIC,1,['NI']
BE,CIS271,COMPUTER ORGANIZATION AND ASSEMBLY LANGUAGE,1,['NI']
BE,CIS278,DATABASE SYSTEMS,1,['NI']
BE,INF101,INTRODUCTION TO INFORMATION TECHNOLOGY,1,['RO']
BE,INF145,VISUAL BASIC PROGRAMMING,1,['RO']
BE,INF150,BUSINESS PROGRAMMING LOGIC,1,['RO']
BE,INF208,SYSTEMS ANALYSIS AND DESIGN,1,['RO']
BE,INF218,DATABASE PROGRAMMING,1,['RO']
BE,INF219,DATABASE ADMINISTRATION,1,['RO']
BE,INF220,VISUAL BASIC PROGRAMMING,1,['RI']
BE,INF230,ADVANCED MULTIMEDIA,1,['RO']
BE,INF240,CLIENT-SIDE SCRIPTING USING JAVASCRIPT,1,['RO']
BE,INF268,ADVANCED JAVA PROGRAMMING,1,['RO']
BE,INF274,WIRELESS NETWORKING,1,['RI']
BE,MAT116,TECHNICAL MATHEMATICS I,1,['NI']
BE,MAT130,CONTEMPORARY MATHEMATICS,1,['NI']
BE,MAT155,FINITE MATHEMATICS,1,['NI']
BE,MAT158,INTRODUCTION TO COMPUTER SCIENCE,1,['NI']
BE,MAT160,INTERMEDIATE ALGEBRA,1,['RI']
BE,MAT163,COMPUTER PROGRAMMING: Q BASIC,1,['NI']
BE,MAT222,TECHNICAL MATHEMATICS II,1,['NI']
BE,MAT272,FORTRAN PROGRAMMING,1,['NI']
BE,MAT274,COMPUTER ORGANIZATION AND ASSEMBLY LANGUAGE II,1,['NI']
BE,MAT275,COBOL FOR COMPUTER SCIENCE,1,['NI']
BE,MAT278,DATABASE SYSTEMS,1,['NI']
BR,COMP99C,DESIGNING/DEVELOPING WEB SITES,9,"['FD', 'FM', 'KE', 'MO', 'NI', 'NU', 'RI', 'RM', 'RO']"
BR,MATH011,PREALGEBRA - PART I,9,"['CE', 'FD', 'FM', 'KE', 'MO', 'NI', 'NU', 'RI', 'RO']"
BR,MATH012,PREALGEBRA - PART II,9,"['CE', 'FD', 'FM', 'KE', 'MO', 'NI', 'NU', 'RI', 'RO']"
BR,MATH015,PREALGEBRA,9,"['CE', 'FD', 'FM', 'KE', 'MO', 'NI', 'NU', 'RI', 'RO']"
BR,MATH021,INTRODUCTORY ALGEBRA,9,"['CE', 'FD', 'FM', 'KE', 'MO', 'NI', 'NU', 'RI', 'RO']"
BR,MATH022,ALGEBRA SKILLS,9,"['CE', 'FD', 'FM', 'KE', 'MO', 'NI', 'NU', 'RI', 'RO']"
BR,MATH025,ELEMENTARY ALGEBRA,9,"['CE', 'FD', 'FM', 'KE', 'MO', 'NI', 'NU', 'RI', 'RO']"
BR,MATH035,GEOMETRY,9,"['CE', 'FD', 'FM', 'KE', 'MO', 'NI', 'NU', 'RI', 'RO']"
BR,MATH045,MATH STRATEGIES FOR SUCCESS,9,"['CE', 'FD', 'FM', 'KE', 'MO', 'NI', 'NU', 'RI', 'RO']"
BR,COMP190,MCSE WINDOWS 2000 PROFESSIONAL,4,"['MO', 'NI', 'RI', 'RM']"
BR,COMP191,MCSE WINDOWS 2000 SERVER,4,"['MO', 'NI', 'RI', 'RM']"
BR,COMP192,MCSE WINDOWS 2000 NETWORK INFRASTRUCTURE,4,"['MO', 'NI', 'RI', 'RM']"
BR,COMP193,MCSE WINDOWS 2000 DIRECT SERVICES,4,"['MO', 'NI', 'RI', 'RM']"
BR,COMP194,MCSE DESIGN WINDOWS 2000 DIRECT SERVICES,4,"['MO', 'NI', 'RI', 'RM']"
BR,COMP195,MCSE DESIGN SECURITY WINDOWS 2000,4,"['MO', 'NI', 'RI', 'RM']"
BR,COMP196,MCSE DESIGN WINDOWS 2000 NET INFRASTRUCTURE,4,"['MO', 'NI', 'RI', 'RM']"
BR,COMP131,PROGRAMMING USING COBOL,3,"['NI', 'RI', 'RO']"
BR,COMP235,PROGRAMMING FOR MOBILE DEVICES,3,"['CE', 'NI', 'RI']"
BR,COMP295,SPECIAL PROJECT - COMPUTER SCIENCE,3,"['NI', 'NU', 'RI']"
BR,COMP299,COMPUTER SCIENCE INTERNSHIP,3,"['CE', 'NI', 'RI']"
BR,MATH299,MATHEMATICS INTERNSHIP,3,"['CE', 'NI', 'RI']"
BR,COMP101,ADAPTIVE COMPUTER TECHNOLOGY I,2,"['NI', 'RI']"
BR,COMP105,INTRODUCTION TO THE INTERNET,2,"['NI', 'RI']"
BR,COMP140,DESIGNING/DEVELOPING WEB SITES,2,"['NI', 'RI']"
BR,COMP175,GAME DESIGN AND DEVELOPMENT,2,"['RI', 'RM']"
BR,COMP232,ADVANCED COBOL PROGRAMMING,2,"['NI', 'RO']"
BR,COMP238,PROGRAMMING USING PYTHON,2,"['KE', 'NI']"
BR,COMP265,SPREADSHEETS USING EXCEL,2,"['NI', 'RI']"
BR,COMP285,BUSINESS SYSTEMS DESIGN,2,"['NI', 'RI']"
BR,COMP286,MATH/SCIENCE PROJECT,2,"['NI', 'RI']"
BR,MATH132,INTRODUCTION TO DATA SCIENCE + APPLIED STATISTICS,2,"['NI', 'RI']"
BR,MATH151,INTERMEDIATE ALGEBRA,2,"['RI', 'RO']"
BR,COMP116,INTRODUCTION TO DIGITAL PROGRAMMING,1,['RI']
BR,COMP126,COMPUTER LOGIC AND DESIGN,1,['NI']
BR,COMP128,FUNDAMENTALS OF PROGRAMMING,1,['NI']
BR,COMP129,INFORMATION TECHNOLOGY,1,['RO']
BR,COMP132,STRUCTURED PROGRAMMING USING C++,1,['RI']
BR,COMP135,COMPUTER ARCHITECTURE USING ASSEMBLY LANGUAGE,1,['NI']
BR,COMP138,PROGRAMMING USING PYTHON,1,['NI']
BR,COMP171,PROGRAMMING I,1,['NI']
BR,COMP226,SYSTEMS ANALYSIS AND DESIGN,1,['KE']
BR,COMP261,LOCAL AREA NETWORKS,1,['RM']
BR,COMP266,DATA BASE USING ACCESS,1,['NI']
BR,COMP269,DATABASE CONCEPTS,1,['NI']
BR,COMP277,GAME PROGRAMMING II,1,['RM']
BR,COMP296,ADVANCED SOFTWARE PROJECT,1,['RI']
BR,MATH136,MATHEMATICS FOR THE LIBERAL ARTS,1,['NI']
BR,MATH137,FINITE MATHEMATICS,1,['NI']
BR,MATH145,ALGEBRAIC MODELING,1,['NI']
BR,MATH146,ADVANCED TOPICS IN MATHEMATICS FOR THE LIBERAL ART,1,['NI']
BR,MATH153,PRE-CALCULUS MATHEMATICS,1,['NI']
BR,MATH156,MATHEMATICS FOR MANAGEMENT AND THE SOCIAL SCIENCES,1,['NI']
BR,MATH161,TECHNICAL MATHEMATICS I,1,['NI']
BR,MATH162,TECHNICAL MATHEMATICS II,1,['NI']
BR,MATH295,SPECIAL PROJECT - MATHEMATICS,1,['NI']
BU,CIS119,VISUAL PROGRAMMING,9,"['FD', 'FM', 'KE', 'MO', 'NI', 'NU', 'RI', 'RM', 'RO']"
BU,CIS129,MS WORD TECHNIQUES,9,"['FD', 'FM', 'KE', 'MO', 'NI', 'NU', 'RI', 'RM', 'RO']"
BU,MTH012,COLLEGE ALGEBRA CLINIC,9,"['FD', 'FM', 'KE', 'MO', 'NI', 'NU', 'RI', 'RM', 'RO']"
BU,MTH016,PRECALCULUS A CLINIC,9,"['CE', 'FD', 'FM', 'KE', 'MO', 'NI', 'NU', 'RI', 'RM']"
BU,MTH017,PRECALCULUS B CLINIC,9,"['CE', 'FD', 'FM', 'KE', 'MO', 'NI', 'NU', 'RI', 'RM']"
BU,MTH084,THINKING ALGEBRAICALLY LAB,9,"['CE', 'FD', 'FM', 'KE', 'MO', 'NI', 'NU', 'RI', 'RM']"
BU,MTH095,INTERMEDIATE ALGEBRA,9,"['CE', 'FD', 'FM', 'KE', 'MO', 'NI', 'NU', 'RI', 'RO']"
BU,MTH008,QUANTITATIVE REASONING CLINIC,8,"['CE', 'FD', 'FM', 'KE', 'MO', 'NI', 'NU', 'RI']"
BU,MTH013,MODERN COLLEGE MATHEMATICS CLINIC,8,"['CE', 'FM', 'KE', 'MO', 'NI', 'NU', 'RI', 'RM']"
BU,MTH032,COLLEGE ALGEBRA FOR BUSINESS CLINIC,8,"['CE', 'FD', 'FM', 'KE', 'MO', 'NI', 'NU', 'RI']"
BU,MTH055,PRE-ALGEBRA,8,"['CE', 'FD', 'FM', 'KE', 'MO', 'NI', 'NU', 'RI']"
BU,MTH075,ELEMENTARY ALGEBRA,8,"['CE', 'FD', 'FM', 'KE', 'MO', 'NI', 'NU', 'RI']"
BU,MTH085,THINKING ALGEBRAICALLY,8,"['CE', 'FD', 'FM', 'KE', 'MO', 'NI', 'NU', 'RI']"
BU,CIS156,FUNDAMENTALS OF UNIX AND LINUX,7,"['FM', 'KE', 'MO', 'NI', 'NU', 'RI', 'RM']"
BU,MTH007,INTRODUCTION TO STATISTICS CLINIC,7,"['CE', 'FM', 'KE', 'NI', 'NU', 'RI', 'RM']"
BU,CIS155,FUNDAMENTALS OF WEB DESIGN,6,"['FM', 'KE', 'MO', 'NI', 'NU', 'RI']"
BU,CSE230,INTRO TO OBJECT-ORIENTED GRAPHICS PROG GAME DEV I,6,"['FM', 'KE', 'MO', 'NU', 'RI', 'RM']"
BU,MTH030,Accelerated Precalculus Clinic,6,"['KE', 'MO', 'NI', 'NU', 'RI', 'RM']"
BU,CIS201,CISCO INTERMEDIATE NETWORK SECURITY,4,"['CE', 'NI', 'RI', 'RM']"
BU,CSE223,ADVANCED PROGRAMMING WORKSHOP II,4,"['FD', 'FM', 'NI', 'RI']"
BU,MTH126,APPLIED CALCULUS FOR EET,4,"['MO', 'NI', 'NU', 'RI']"
BU,MTH127,INTERMEDIATE ALGEBRA,4,"['MO', 'NI', 'NU', 'RI']"
BU,CIS136,WINDOWS OPERATING SYSTEMS I,3,"['CE', 'NI', 'RM']"
BU,CIS141,MICROSOFT OFFICE FUNDAMENTALS,3,"['FD', 'FM', 'NI']"
BU,CIS151,CISCO NETWORK ROUTING FUNDAMENTALS,3,"['FD', 'NI', 'RM']"
BU,CIS152,CISCO SWITCHING BASICS AND INTERMEDIATE ROUTING,3,"['FD', 'NI', 'RM']"
BU,CIS157,CISCO WAN TECHNOLOGIES,3,"['FD', 'NI', 'RM']"
BU,CIS158,CISCO FUNDAMENTALS OF WIRELESS LANs,3,"['CE', 'RI', 'RM']"
BU,CIS159,COMPUTER/NETWORK SECURITY,3,"['NI', 'RI', 'RM']"
BU,CIS227,DATA STRUCTURES,3,"['MO', 'NI', 'RI']"
BU,CIS228,INTRODUCTION TO COMPUTER SCIENCE II,3,"['MO', 'NI', 'RI']"
BU,CIS250,CISCO ROUTING CONFIGUATION,3,"['FD', 'NI', 'RM']"
BU,CIS251,CISCO REMOTE ACCESS NETWORK,3,"['FD', 'NI', 'RM']"
BU,CIS252,CISCO MULTI-LAYER SWITCHING,3,"['FD', 'NI', 'RM']"
BU,CIS253,CISCO NETWORK TROUBLESHOOTING,3,"['FD', 'NI', 'RM']"
BU,CSE222,ADVANCED PROGRAMMING WORKSHOP I,3,"['FD', 'FM', 'NI']"
BU,MTH111,TRIGONOMETRY,3,"['MO', 'NI', 'RI']"
BU,CIS115,INTRODUCTION TO MICROCOMPUTERS,2,"['MO', 'RI']"
BU,CIS150,NETWORKING FUNDAMENTALS,2,"['NI', 'RM']"
BU,CIS206,APPLICATION PROGRAMMING IN C,2,"['MO', 'RI']"
BU,CSE115,INTRODUCTION TO DATA SCIENCE,2,"['NI', 'RI']"
BU,CSE150,INTRODUCTION TO JAVA,2,"['FM', 'NI']"
BU,CSE220,INTRODUCTION TO LINUX,2,"['NI', 'RI']"
BU,CSE224,ADVANCED PROGRAMMING WORKSHOP III,2,"['NI', 'RI']"
BU,MTH280,BIOMETRY,2,"['KE', 'NI']"
BU,CIS111,PROGRAMMING FUNDAMENTALS,1,['NI']
BU,CIS118,INTRODUCTION TO MICROSOFT OFFICE,1,['RO']
BU,CIS131,MS EXCEL TECHNIQUES,1,['NI']
BU,CIS132,MS ACCESS TECHNIQUES AND PROGRAMMING,1,['NI']
BU,CIS135,INTRODUCTION TO WINDOWS AND NETWORKING,1,['NI']
BU,CIS138,INTRODUCTION TO OPERATING SYSTEMS,1,['RI']
BU,CIS139,INTRODUCTION TO PYTHON,1,['NI']
BU,CIS140,INTERNET LITERACY,1,['NI']
BU,CIS160,"ADVANCE CLOUD SYSTEMS, DEVOPS + SYSTEMS",1,['NI']
BU,CIS165,NETWORK AND SYSTEMS ADMINISTRATION,1,['RM']
BU,CIS181,INTRODUCTION TO MS WINDOWS,1,['NI']
BU,CIS184,INTRODUCTION TO MS EXCEL,1,['NI']
BU,CIS185,INTRODUCTION TO MS WORD FOR WINDOWS,1,['NI']
BU,CIS186,INTRODUCTION TO POWERPOINT,1,['NI']
BU,CIS200,FUNDAMENTALS OF NETWORK SECURITY,1,['RM']
BU,CIS204,COBOL TECHNIQUES,1,['NI']
BU,CIS208,INTRO TO CYBERSECURITY,1,['RI']
BU,CIS215,PENETRATION TESTING FUNDAMENTALS,1,['RI']
BU,CIS217,BUSINESS SYSTEMS ANALYSIS AND DESIGN II,1,['NI']
BU,CIS218,ETHICAL HACKING FUNDAMENTALS,1,['RM']
BU,CIS220,ADVANCED VISUAL BASIC,1,['NI']
BU,CIS291,COMPUTER SCIENCE SPECIAL PROJECTS,1,['NI']
BU,CIS292,COMPUTER SCIENCE SPECIAL PROJECTS,1,['NI']
BU,CIS293,COMPUTER SCIENCE SPECIAL PROJECTS,1,['NI']
BU,CSE112,INTRO TO COMPUTER SCIENCE II,1,['RI']
BU,CSE213,DATABASE SYSTEMS,1,['NI']
BU,MTH104,BUSINESS MATHEMATICS,1,['NI']
BU,MTH108,QUANTITATIVE REASONING,1,['NI']
BU,MTH112,COLLEGE ALGEBRA,1,['NI']
BU,MTH113,MODERN COLLEGE MATHEMATICS I,1,['NI']
BU,MTH116,PRECALCULUS A,1,['NI']
BU,MTH117,PRECALCULUS B,1,['NI']
BU,MTH132,COLLEGE ALGEBRA FOR BUSINESS,1,['NI']
BU,MTH141,ELEMENTARY QUANTITATIVE METHODS FOR MANAGEMENT,1,['NI']
BU,MTH143,STATISTICS I,1,['NI']
BU,MTH144,STATISTICS II,1,['NI']
BU,MTH145,APPLIED CALCULUS,1,['NI']
BU,MTH211,STRUCTURES OF MATHEMATICS I,1,['NI']
BU,MTH212,STRUCTURES OF MATHEMATICS II,1,['NI']
BU,MTH243,STATISTICS II,1,['NI']
BU,MTH291,SPECIAL PROJECTS IN MATHEMATICS I,1,['NI']
BU,MTH292,SPECIAL PROJECTS IN MATHEMATICS II,1,['NI']
BU,MTH293,SPECIAL PROJECTS IN MATHEMATICS III,1,['NI']
CA,CIS182,UNIX OPERATING SYSTEMS DESIGN II,9,"['FD', 'FM', 'KE', 'MO', 'NI', 'NU', 'RI', 'RM', 'RO']"
CA,MTH090,USING THE TI-83,9,"['CE', 'FD', 'FM', 'KE', 'MO', 'NI', 'NU', 'RI', 'RO']"
CA,CIS180,UNIX INTRODUCTION AND USAGE,8,"['FD', 'FM', 'KE', 'MO', 'NI', 'NU', 'RI', 'RM']"
CA,CIS112,THE TECHNOLOGY OF THE SMARTPHONE,5,"['FD', 'FM', 'NI', 'RI', 'RM']"
CA,CIS243,RELATIONAL DATABASE MANAGEMENT III,4,"['MO', 'NI', 'NU', 'RI']"
CA,CIS246,DATABASE ADMINISTRATION USING ORACLE II,4,"['MO', 'NI', 'NU', 'RI']"
CA,CIS115,CYBERSPACE ETHICS AND SECURITY,3,"['FD', 'FM', 'NI']"
CA,CIS121,COBOL I,3,"['NI', 'NU', 'RI']"
CA,CIS122,COBOL II,3,"['MO', 'NI', 'RI']"
CA,CIS201,ADVANCED SPREADSHEETS,3,"['MO', 'NI', 'RI']"
CA,CIS222,COBOL II,3,"['NI', 'NU', 'RI']"
CA,MTH102,SURVEY OF MATH I,3,"['MO', 'NI', 'RI']"
CA,MTH106,MATHEMATICAL SYSTEMS II: GEOMETRY,3,"['NI', 'NU', 'RI']"
CA,MTH109,INTERMEDIATE ALGEBRA EXTENDED,3,"['NI', 'RI', 'RO']"
CA,CIS101,PERSONAL COMPUTER APPLICATIONS,2,"['RM', 'RO']"
CA,CIS102,SPREADSHEETS,2,"['NI', 'RI']"
CA,CIS106,INTRO COMPUTING GOOGLE APPS (G Suite),2,"['FD', 'FM']"
CA,CIS108,CONSTRUCT MANAGEMENT COMPUTER BASICS,2,"['NI', 'RI']"
CA,CIS110,INFORMATION SYSTEMS: PRINCIPLES/APPLICATIONS,2,"['NI', 'RO']"
CA,CIS111,RESEARCH PROCESS USING COMPUTER RESOURCE,2,"['NI', 'RI']"
CA,CIS191,INTERNET: TOOLS AND TECHNIQUES,2,"['NI', 'RM']"
CA,CIS192,PRACTICAL APPLICATIONS OF WEBSITE MANAGEMENT,2,"['NI', 'RM']"
CA,CIS234,SQL SERVER ON LINUX,2,"['NI', 'RI']"
CA,CIS285,LINUX/UNIX NETWORKING AND SECURITY,2,"['RI', 'RM']"
CA,CIS288,LINUX SYSTEM ADMINISTRATION,2,"['RI', 'RM']"
CA,DSC230,STATISTICAL AND MACHINE LEARNING,2,"['NI', 'RI']"
CA,MTH105,MATHEMATICAL SYSTEMS I: STRUCTURES,2,"['NI', 'RI']"
CA,MTH110,INTERMEDIATE ALGEBRA,2,"['NI', 'RO']"
CA,MTH120,COLLEGE ALGEBRA,2,"['NI', 'RI']"
CA,MTH128,LINEAR ALGEBRA,2,"['MO', 'RI']"
CA,CIS103,DATABASE MANAGEMENT,1,['NI']
CA,CIS130,APPLIED COMPUTER STUDIES,1,['NI']
CA,CIS151,HTML PROGRAMMING,1,['NI']
CA,CIS152,JAVA SCRIPT FOR THE WEB,1,['NI']
CA,CIS202,DECISION SUPPORT,1,['NI']
CA,CIS225,PROJECT MANAGEMENT ESSENTIALS,1,['NI']
CA,CIS231,SYSTEM ANALYSIS AND DESIGN,1,['NI']
CA,CIS238,DATABASE SECURITY AND PROTECTION,1,['NI']
CA,CIS239,DATABASE ADMINISTRATION PRINCIPLES,1,['NI']
CA,CIS241,RELATIONAL DATABASE MANAGEMENT I,1,['NI']
CA,CIS242,RELATIONAL DATABASE MANAGEMENT II,1,['NI']
CA,CIS245,DATABASE ADMINISTRATION USING ORACLE,1,['NI']
CA,CIS283,UNIX OSD: MEMORY AND PROCESSES,1,['NI']
CA,CIS284,SHELL PROGRAMMING UNDER LINUX/UNIX,1,['NI']
CA,CIS287,TCP/IP COMMUNICATIONS/UNIX,1,['NI']
CA,DSC101,DATA SCIENCE I,1,['NI']
CA,DSC102,DATA SCIENCE II,1,['NI']
CA,DSC203,DATA SCIENCE III,1,['NI']
CA,DSC250,DATA VISUALIZATION AND PRESENTATION,1,['NI']
CA,DSC280,DATA IN CONTEXT-A CAPSTONE EXPERIENCE,1,['NI']
CA,MTH100,ALGEBRAIC CONCEPTS,1,['NI']
CA,MTH101,CONCEPTS OF MATH,1,['NI']
CA,MTH103,TOPICS IN MATHEMATICS,1,['NI']
CA,MTH104,MATH FOR ANIMAL SCIENCE,1,['NI']
CA,MTH107,MATH FOR LIBERAL ARTS,1,['NI']
CA,MTH112,ELEMENTS OF STATISTICS II,1,['NI']
CA,MTH114,COLLEGE ALGEBRA FOR BUSINESS AND SOCIAL SCIENCE,1,['NI']
CA,MTH117,EXPLORATIONS IN MATHEMATICAL THOUGHT,1,['NI']
CA,MTH117H,HONORS EXPLORATION IN MATHEMATICAL THOUGHT,1,['NI']
CA,MTH120H,HONORS COLLEGE ALGEBRA,1,['NI']
CA,MTH121,APPLIED FINITE MATH,1,['NI']
CA,MTH126,LINEAR SYS/ANAL GEOMETRY,1,['NI']
CA,MTH127,UNIFIED CALCULUS,1,['NI']
CA,MTH130,TRIGONOMETRY AND ANALYTIC GEOMETRY,1,['NI']
CA,MTH134,BIOSTATISTICS,1,['CE']
CA,MTH172,STATISTICS II,1,['NI']
CA,MTH205,MATH SYSTEMS III: STRUCTURES III,1,['NI']
CA,MTH261,INTRODUCTION TO MATHEMATICAL MODELING,1,['NI']
CA,MTH262,PROBABILISTIC MODELS,1,['NI']
CU,MA095,BASIC MATH,9,"['CE', 'FD', 'FM', 'KE', 'MO', 'NI', 'NU', 'RI', 'RO']"
CU,MA097,DEVELOPMENTAL ALGEBRA - PART A,9,"['CE', 'FD', 'FM', 'KE', 'MO', 'NI', 'NU', 'RI', 'RO']"
CU,MA098,DEVELOPMENTAL ALGEBRA - PART B,9,"['CE', 'FD', 'FM', 'KE', 'MO', 'NI', 'NU', 'RI', 'RO']"
CU,MA099,ACCELERATED DEVELOPMENTAL ALGEBRA,9,"['CE', 'FD', 'FM', 'KE', 'MO', 'NI', 'NU', 'RI', 'RO']"
CU,MA096,BASIC MATH REVIEW,8,"['CE', 'FD', 'FM', 'KE', 'MO', 'NI', 'NU', 'RI']"
CU,MA070,Mathematics Workshop,7,"['FD', 'FM', 'KE', 'NI', 'NU', 'RI', 'RM']"
CU,IT103,INDUSTRIAL ORG,6,"['KE', 'MO', 'NI', 'NU', 'RI', 'RM']"
CU,IT132,INJECTION MOLDING,6,"['KE', 'MO', 'NI', 'NU', 'RI', 'RM']"
CU,IT133,INJECTION MOLD DESIGN,6,"['KE', 'MO', 'NI', 'NU', 'RI', 'RM']"
CU,IT163,QUALITY BUSINESS PROCESSES,6,"['KE', 'MO', 'NI', 'NU', 'RI', 'RM']"
CU,IT204,PRODUCT DESIGN,6,"['KE', 'MO', 'NI', 'NU', 'RI', 'RM']"
CU,IT228,ENGINEERING TECHNOLOGY INTERNSHIP,6,"['CE', 'FD', 'FM', 'NI', 'RI', 'RM']"
CU,IT235,INJECTION BLOW MOLD,6,"['KE', 'MO', 'NI', 'NU', 'RI', 'RM']"
CU,IT236,INJECTION BLOW MOLD,6,"['KE', 'MO', 'NI', 'NU', 'RI', 'RM']"
CU,IT238,PLASTIC EXTRUSION MOLD,6,"['KE', 'MO', 'NI', 'NU', 'RI', 'RM']"
CU,CS107,INTERNET VIA INTERNET,5,"['MO', 'NI', 'NU', 'RI', 'RM']"
CU,IT104,ELEC THEORY I,5,"['MO', 'NI', 'NU', 'RI', 'RM']"
CU,IT109,INTRODUCTION TO  QUALITY  ASSURANCE,5,"['MO', 'NI', 'NU', 'RI', 'RM']"
CU,IT117,INTRO GLASS TECH,5,"['MO', 'NI', 'NU', 'RI', 'RM']"
CU,IT120,INTRODUCTION TO GLASS,5,"['MO', 'NI', 'NU', 'RI', 'RM']"
CU,IT121,PROPERTIES OF PLASTICS,5,"['MO', 'NI', 'NU', 'RI', 'RM']"
CU,IT123,PROCESSING OF PLASTICS,5,"['MO', 'NI', 'NU', 'RI', 'RM']"
CU,IT129,STATISTICAL PROCESS CONTROL,5,"['MO', 'NI', 'NU', 'RI', 'RM']"
CU,IT130,GLASS CONVERSION PROCESS,5,"['MO', 'NI', 'NU', 'RI', 'RM']"
CU,IT131,INTRO TO PLASTICS MOLDING,5,"['MO', 'NI', 'NU', 'RI', 'RM']"
CU,IT140,INDUSTRIAL SAFETY,5,"['MO', 'NI', 'NU', 'RI', 'RM']"
CU,IT141,FUNDAMENTALS OF INDUSTRIAL MECHANICS I,5,"['MO', 'NI', 'NU', 'RI', 'RM']"
CU,IT142,FUNDAMENTALS OF INDUSTRIAL MECHANICS II,5,"['MO', 'NI', 'NU', 'RI', 'RM']"
CU,IT143,INDUSTRIAL ELECTRICAL POWER I,5,"['MO', 'NI', 'NU', 'RI', 'RM']"
CU,IT144,INDUSTRIAL ELECTRICAL POWER II,5,"['MO', 'NI', 'NU', 'RI', 'RM']"
CU,IT162,QUALITY CONTROL,5,"['KE', 'NI', 'NU', 'RI', 'RM']"
CU,IT165,PROPERTIES MATERIALS,5,"['MO', 'NI', 'NU', 'RI', 'RM']"
CU,IT166,QUALITY  PLANNING AND  ANALYSIS,5,"['MO', 'NI', 'NU', 'RI', 'RM']"
CU,IT201,CMC LATHE FACNUC,5,"['MO', 'NI', 'NU', 'RI', 'RM']"
CU,IT206,STRENGTH OF  MATERIALS,5,"['MO', 'NI', 'NU', 'RI', 'RM']"
CU,IT213,NUMERICAL CONTROL I,5,"['MO', 'NI', 'NU', 'RI', 'RM']"
CU,IT214,NUMERICAL CONTRL II,5,"['MO', 'NI', 'NU', 'RI', 'RM']"
CU,IT225,FLUID POWER I,5,"['MO', 'NI', 'NU', 'RI', 'RM']"
CU,IT226,FLUID POWER II,5,"['MO', 'NI', 'NU', 'RI', 'RM']"
CU,IT230,ADV MACHINERY,5,"['MO', 'NI', 'NU', 'RI', 'RM']"
CU,IT237,TRANSFER MOLDING,5,"['MO', 'NI', 'NU', 'RI', 'RM']"
CU,IT239,VACUUM FORMING,5,"['MO', 'NI', 'NU', 'RI', 'RM']"
CU,MA100,INTRODUCTION TO COLLEGE MATHEMATICS,5,"['KE', 'NI', 'NU', 'RI', 'RO']"
CU,MA108,BUSINESS MATH,5,"['KE', 'MO', 'NI', 'NU', 'RI']"
CU,CS100,MICROCOMPUTER FUNDAMENTALS,4,"['MO', 'NI', 'RI', 'RO']"
CU,CS106,INTRODUCTION TO THE INTERNET,4,"['NI', 'NU', 'RI', 'RM']"
CU,CS120,HELP DESK CUSTOMER SERVICE,4,"['MO', 'NI', 'NU', 'RM']"
CU,CS151,DERIVE,4,"['MO', 'NI', 'NU', 'RI']"
CU,CS240,SECURITY+,4,"['CE', 'NI', 'RI', 'RM']"
CU,CS243,WEB SECURITY,4,"['CE', 'NI', 'RI', 'RM']"
CU,CS270,NETWORKING ESSENTIALS,4,"['MO', 'NI', 'RI', 'RM']"
CU,CS272,BUILDING INTRANETS,4,"['MO', 'NI', 'RI', 'RM']"
CU,CS274,TECH SUPPORT NETWARE,4,"['MO', 'NI', 'RI', 'RM']"
CU,CS276,NT SERVER AND ENTERPRISE IMPLEMENTATION,4,"['MO', 'NI', 'RI', 'RM']"
CU,CS278,IMPLEMENTATION OF TCP/IP WINDOWS NT,4,"['MO', 'NI', 'RI', 'RM']"
CU,CS280,DESIGN AND IMPLEMENTATION NETWARE,4,"['MO', 'NI', 'RI', 'RM']"
CU,CS282,MANAGING MS INTERNET INFO SERVER,4,"['MO', 'NI', 'RI', 'RM']"
CU,CS284,SQL SERVER ADMINISTRATION AND IMPLEMENTATON,4,"['MO', 'NI', 'RI', 'RM']"
CU,IT105,BLUEPRINT READING AND SKETCHING,4,"['NI', 'NU', 'RI', 'RM']"
CU,IT106,MACHINERY HANDBOOK,4,"['NI', 'NU', 'RI', 'RM']"
CU,IT108,ADVANCED BLUEPRINT READING,4,"['NI', 'NU', 'RI', 'RM']"
CU,IT110,ELECTRONICS I,4,"['NI', 'NU', 'RI', 'RM']"
CU,IT111,ELECTRONICS,4,"['NI', 'NU', 'RI', 'RM']"
CU,IT112,INTRO TO ENGINEERING TECH LABORATORY,4,"['KE', 'MO', 'NI', 'RI']"
CU,IT113,ROBOTICS,4,"['NI', 'NU', 'RI', 'RM']"
CU,IT161,INTRO TO MEASUREMENT TECHNIQUES,4,"['NI', 'NU', 'RI', 'RM']"
CU,IT202,COMPUTER AIDED MANUFACTURING I,4,"['NI', 'NU', 'RI', 'RM']"
CU,IT203,TOOL AND FIXTURE DESIGN,4,"['NI', 'NU', 'RI', 'RM']"
CU,IT205,DIGITAL ELECTRONICS,4,"['NI', 'NU', 'RI', 'RM']"
CU,IT207,MANUFACTURING  PRACTICES AND PROCESSES I,4,"['NI', 'NU', 'RI', 'RM']"
CU,IT208,MANUFACTURING PRACTICES AND PROCESSES II,4,"['NI', 'NU', 'RI', 'RM']"
CU,IT210,ELEMENTS OF MECHANISMS,4,"['NI', 'NU', 'RI', 'RM']"
CU,IT211,ADVANCED ENGINEERING TECH DESIGN,4,"['NI', 'NU', 'RI', 'RM']"
CU,IT212,CAD III,4,"['NI', 'NU', 'RI', 'RM']"
CU,IT216,COMPUTER-AIDED MANUFACTURING II CAM,4,"['NI', 'NU', 'RI', 'RM']"
CU,IT217,INVENTOR CAD,4,"['NI', 'NU', 'RI', 'RM']"
CU,IT218,PROGRAMMABLE LOGIC CONTROLLERS,4,"['NI', 'NU', 'RI', 'RM']"
CU,IT220,ARCHITECTURAL CAD,4,"['NI', 'NU', 'RI', 'RM']"
CU,MA105,INTERMEDIATE ALGEBRA,4,"['FD', 'NI', 'RI', 'RO']"
CU,MA112,MICROCOMPUTER,4,"['MO', 'NI', 'RI', 'RO']"
CU,MA190,MATH HONORS,4,"['MO', 'NI', 'RI', 'RO']"
CU,CS114,Fundamentals of Programming,3,"['NI', 'RI', 'RM']"
CU,CS136,E-COMMERCE,3,"['MO', 'NI', 'RM']"
CU,CS138,CGI/PERL,3,"['MO', 'NI', 'RI']"
CU,CS141,DERIVE,3,"['MO', 'NI', 'NU']"
CU,CS156,Web Development - HTML/CSS,3,"['NI', 'RI', 'RM']"
CU,CS176,WINDOWS 95/98 ADMINISTRATION,3,"['MO', 'NI', 'RM']"
CU,CS180,ADVANCE NETWORK ADMINISTRATION,3,"['MO', 'NI', 'RM']"
CU,CS184,CORE TECHNOLOGIES AND ADMINISTRATION,3,"['MO', 'NI', 'RM']"
CU,CS221,C LANGUAGE,3,"['MO', 'NI', 'RI']"
CU,CS224,IT Help Desk/Technical Support,3,"['NI', 'RI', 'RM']"
CU,CS242,PRINCIPLES OF INFORMATION SECURITY,3,"['CE', 'NI', 'RI']"
CU,CS271,WINDOWS 2000,3,"['MO', 'NI', 'RI']"
CU,IT101,TECHNICAL DRAWING I,3,"['NU', 'RI', 'RM']"
CU,IT102,FUNDAMENTAL OF ENGINEERING TECH DESIGN,3,"['NU', 'RI', 'RM']"
CU,IT107,CIRCUITS I,3,"['NU', 'RI', 'RM']"
CU,IT116,WORKPLACE ETHICS,3,"['FD', 'FM', 'NI']"
CU,IT160,CNC PROGRAMMING,3,"['NI', 'RI', 'RM']"
CU,IT215,HISTORICAL DOCUMENTATION THROUGH CAD,3,"['NI', 'RI', 'RM']"
CU,IT221,FUNDAMENTALS OF MANUFACTURING,3,"['NI', 'RI', 'RM']"
CU,IT222,3D STUDIO MAX,3,"['NI', 'RI', 'RM']"
CU,IT240,PNEUMATICS AND HYDRAULIC AUTOMATION,3,"['NI', 'RI', 'RM']"
CU,IT242,ADVANCED PLC,3,"['NI', 'RI', 'RM']"
CU,IT243,DRONE APPLICATIONS,3,"['NI', 'RI', 'RM']"
CU,MA106,TECHNOLOGY AND MATHEMATICS,3,"['NI', 'RI', 'RO']"
CU,CS103,INTRODUCTION TO COMPUTER GRAPHICS,2,"['MO', 'NI']"
CU,CS104,INTERMEDIATE BASIC,2,"['MO', 'NI']"
CU,CS108,INTRODUCTION TO WEB PAGE DEVELOPMENT,2,"['NI', 'RI']"
CU,CS110,TECHNOLOGICAL LITERACY,2,"['FD', 'FM']"
CU,CS113,Introduction to Computers,2,"['NI', 'RI']"
CU,CS119,Spreadsheets - EXCEL,2,"['NI', 'RI']"
CU,CS121,FORTRAN PROGRAMMING,2,"['MO', 'NI']"
CU,CS122,DATA STRUCTURES,2,"['MO', 'NI']"
CU,CS123,WEB SITE DEVELOPMENT I,2,"['MO', 'NI']"
CU,CS124,WEB SITE DEVELOPMENT II,2,"['MO', 'NI']"
CU,CS134,WEB PUBLISHING IN  HTML,2,"['MO', 'NI']"
CU,CS135,UNIX,2,"['MO', 'NI']"
CU,CS137,JAVA SCRIPT,2,"['MO', 'NI']"
CU,CS157,Advanced Web Development,2,"['NI', 'RM']"
CU,CS170,PC SERVICES AND SUPPORT,2,"['NI', 'RM']"
CU,CS174,NETWORK ADMINISTRATION,2,"['NI', 'RM']"
CU,CS183,INTERNET DEVELOPMENT,2,"['NI', 'RM']"
CU,CS207,Management Information Systems,2,"['NI', 'RM']"
CU,CS209,MATH MICROCOMPUTERS,2,"['MO', 'NI']"
CU,CS213,COBOL PROGRAMMING,2,"['NI', 'RI']"
CU,CS218,WEB PAGE DYNAMICS,2,"['NI', 'RI']"
CU,CS219,ELECTRONIC BUSINESS,2,"['NI', 'RM']"
CU,CS225,SYSTEMS ANALYSIS,2,"['NI', 'RI']"
CU,CS226,NETWORK INFRASTRUCTURE IMPLEMENTATION,2,"['NI', 'RM']"
CU,CS230,NETWORK SECURITY DESIGN,2,"['NI', 'RM']"
CU,CS231,NETWORK INFRASTRUCTURE DESIGN,2,"['NI', 'RM']"
CU,CS232,Data Structures and Algorithm,2,"['NI', 'RM']"
CU,CS234,SCALING NETWORKS,2,"['RI', 'RM']"
CU,CS236,Cloud+,2,"['NI', 'RM']"
CU,CS241,COMPUTER FORENSICS,2,"['NI', 'RM']"
CU,CS275,CORE SERVER OPERATING SYSTEM,2,"['NI', 'RM']"
CU,CS337,Applied Database Technology,2,"['NI', 'RM']"
CU,IT227,CIRCUITS II,2,"['RI', 'RM']"
CU,IT244,Instrumentation and Measurement,2,"['CE', 'RI']"
CU,MA101,COLLEGE ALGEBRA,2,"['NI', 'RI']"
CU,MA102,COLLEGE TRIGONOMETRY,2,"['NI', 'RI']"
CU,MA107,PROGRAMMING THE TI-83,2,"['NI', 'RI']"
CU,MA114,COMPUTATIONAL  MATHEMATICS,2,"['NI', 'RI']"
CU,MA116,INTRODUCTION TO GEOMETRY,2,"['NI', 'RI']"
CU,MA119,Structures of Mathematics II,2,"['NI', 'RM']"
CU,MA149,Mathematics for Management,2,"['NI', 'RM']"
CU,MA202,DIFFERENTIAL EQUATIONS,2,"['NI', 'RI']"
CU,MA207,LINEAR ALGEBRA LAB FOR ENGINEERS,2,"['NI', 'RI']"
CU,CS101,INTRODUCTION TO MICROCOMPUTERS,1,['NI']
CU,CS102,APPLICATIONS ON THE MICROCOMPUTER,1,['NI']
CU,CS111,COMPUTER SCIENCE I,1,['NI']
CU,CS131,MICROCOMPUTER OPERATING SYSTEMS,1,['NI']
CU,CS132,WEB PAGE DEVELOPMENT I,1,['NI']
CU,CS133,WEB PAGE DEVELOPMENT II,1,['NI']
CU,CS175,CORE CLIENT OPERATING SYSTEM,1,['NI']
CU,CS181,PROJECT MANAGEMENT,1,['NI']
CU,CS203,ASSEMBLY LANGUAGE AND COMPUTER ORGANIZATION,1,['NI']
CU,CS210,DATABASE MANAGEMENT,1,['NI']
CU,CS211,Relational Databases,1,['NI']
CU,CS212,C++ PROGRAMMING,1,['NI']
CU,CS214,RPG/400 PROGRAMMING,1,['NI']
CU,CS216,INTERMEDIATE JAVA,1,['NI']
CU,CS217,INTRODUCTION TO NETWORKS,1,['NI']
CU,CS220,MARKETING ON THE INTERNET,1,['NI']
CU,CS222,INTRO TO ANDROID PROGRAMMING IN JAVA,1,['NI']
CU,CS227,ACTIVE DIRECTORY DESIGN,1,['NI']
CU,CS228,ACTIVE DIRECTORY DESIGN AND IMPLEMENTATION,1,['NI']
CU,CS229,LINUX INSTALLATION,1,['NI']
CU,CS233,ROUTING AND SWITCHING ESSENTIALS,1,['RI']
CU,CS256,Web Programming,1,['NI']
CU,CS264,Database Application Development,1,['NI']
CU,CS286,BUILDING AN EFFECTIVE WEBSITE,1,['NI']
CU,IT223,STATICS FOR TECHNOLOGY,1,['RM']
CU,IT224,DYNAMICS FOR TECHNOLOGY,1,['RM']
CU,IT241,Robotics and Motion Control,1,['CE']
CU,MA103,CALCULUS I,1,['RI']
CU,MA104,CALCULUS II,1,['RI']
CU,MA109,PRINCIPLES OF MATHEMATICS,1,['NI']
CU,MA110,COLLEGE ALGEBRA,1,['NI']
CU,MA115,MATHEMATICAL STRUCTURES AND ALGORITHMS,1,['NI']
CU,MA120,COLLEGE TRIGONOMETRY,1,['NI']
CU,MA201,CALCULUS III,1,['RI']
CU,MA206,STATISTICS II,1,['NI']
CU,MA208,LINEAR ALGEBRA,1,['NI']
CU,MA211,Discrete Mathematics,1,['RM']
CU,MA212,Linear Algebra,1,['RM']
CU,MA222,DIFFERENTIAL EQUATIONS,1,['NI']
EX,MTH086,INTRODUCTORY ALGEBRA,9,"['CE', 'FD', 'FM', 'KE', 'MO', 'NI', 'NU', 'RI', 'RO']"
EX,MTH086T,INTRODUCTORY ALGEBRA TUTORIAL,9,"['CE', 'FD', 'FM', 'KE', 'MO', 'NI', 'NU', 'RI', 'RM']"
EX,MTH087,INTRODUCTORY ALGEBRA,9,"['CE', 'FD', 'FM', 'KE', 'MO', 'NI', 'NU', 'RI', 'RO']"
EX,MTH093,CONCEPTS OF ELEMENTARY ALGEBRA,9,"['CE', 'FD', 'FM', 'KE', 'MO', 'NI', 'NU', 'RI', 'RO']"
EX,MTH091S,Basic Skills for Statistics and Probability I,8,"['CE', 'FD', 'FM', 'KE', 'MO', 'NI', 'NU', 'RI']"
EX,MTH092,ELEMENTARY ALGEBRA,8,"['CE', 'FD', 'FM', 'KE', 'MO', 'NI', 'NU', 'RI']"
EX,MTH092T,ELEMENTARY ALGEBRA TUTORIAL,8,"['CE', 'FD', 'FM', 'KE', 'MO', 'NI', 'NU', 'RI']"
EX,MTH093S,BASIC SKILLS FOR MODERN MATHEMATICS,8,"['CE', 'FD', 'FM', 'KE', 'MO', 'NI', 'NU', 'RI']"
EX,MTH235,NUMERICAL METHODS,5,"['FD', 'FM', 'MO', 'NI', 'RI']"
EX,CIS101,DATA ENTRY OPERATION I,4,"['KE', 'MO', 'NI', 'NU']"
EX,CIS102,DATA ENTRY OPERATION II,4,"['KE', 'MO', 'NI', 'NU']"
EX,CIS106,COMPUTER ORIENTATION,3,"['MO', 'NI', 'RI']"
EX,CIS115,FORTRAN PROGRAMMING,3,"['MO', 'NI', 'RI']"
EX,CIS141,CONSOLE OPERATIONS,3,"['MO', 'NI', 'RM']"
EX,CIS221,COMPUTER SYSTEMS AND ARCHITECTURE,3,"['MO', 'NI', 'RI']"
EX,CIS222,COMPUTER ORGANIZATION,3,"['MO', 'NI', 'RI']"
EX,CIS231,FILE PROCESSING,3,"['MO', 'NI', 'RI']"
EX,MTH100,INTRODUCTORY COLLEGE MATHEMATICS,3,"['NI', 'RI', 'RO']"
EX,MTH105,DATA PROCESSING MATHEMATICS,3,"['MO', 'NI', 'RI']"
EX,MTH110,TECHNICAL MATHEMATICS II,3,"['MO', 'NI', 'RI']"
EX,MTH116,MEDICAL MATH CALCULATIONS,3,"['NI', 'NU', 'RI']"
EX,MTH250,MATHEMATICS CAPSTONE,3,"['FD', 'FM', 'NI']"
EX,CIS103,RPG PROGRAMMING,2,"['MO', 'NI']"
EX,CIS110,INTRODUCTION TO COMPUTER BASED SYSTEMS,2,"['MO', 'NI']"
EX,CIS118,C PROGRAMMING,2,"['MO', 'RI']"
EX,CIS121,COMPUTER SCIENCE I,2,"['MO', 'RI']"
EX,CIS122,COMPUTER SCIENCE II,2,"['MO', 'RI']"
EX,CIS152,INTERNET CONCEPTS,2,"['NI', 'RM']"
EX,CIS153,ADVANCED INTERNET CONCEPTS AND APPLICATIONS,2,"['NI', 'RM']"
EX,MTH109,TECHNICAL MATHEMATICS,2,"['NI', 'RI']"
EX,CIS105,PROGRAMMING CONCEPTS,1,['MO']
EX,CIS107,COMPUTER LITERACY,1,['RO']
EX,CIS136,DESKTOP PUBLISHING FOR IBM COMPUTERS,1,['NI']
EX,CIS139,INTRODUCTION TO MULTIMEDIA,1,['NI']
EX,CIS205,ADVANCED MICROCOMPUTER PROGRAMMING,1,['MO']
EX,CIS211,COBOL PROGRAMMING II,1,['MO']
EX,CIS235,ADVANCED MICROCOMPUTER SPREADSHEETS,1,['NI']
EX,CIS237,ADVANCED MICROCOMPUTER DATABASE,1,['NI']
EX,MTH103,FUNDAMENTAL CONCEPTS OF MODERN MATHEMATICS I,1,['NI']
EX,MTH104,FUNDAMENTAL CONCEPTS MODERN MATH II,1,['NI']
EX,MTH118,PRE-CALCULUS,1,['NI']
EX,MTH213,UNIFIED CALCULUS II,1,['NI']
GL,MAT020,MATH FOR NURSING,10,"['CE', 'FD', 'FM', 'KE', 'MO', 'NI', 'NU', 'RI', 'RM', 'RO']"
GL,MAT050,ELEMENTARY ALGEBRA,9,"['CE', 'FD', 'FM', 'KE', 'MO', 'NI', 'NU', 'RI', 'RO']"
GL,MAT051,ELEMENTARY ALGEBRA REVIEW,9,"['FD', 'FM', 'KE', 'MO', 'NI', 'NU', 'RI', 'RM', 'RO']"
GL,MAT010,INTRODUCTORY COLLEGE MATHEMATICS,8,"['CE', 'KE', 'MO', 'NI', 'NU', 'RI', 'RM', 'RO']"
GL,MAT011,INTRO COLLEGE MATH ACCELERATED,8,"['FD', 'FM', 'KE', 'MO', 'NI', 'NU', 'RI', 'RM']"
GL,MAT702,INTRODUCTION TO STATISTICS,6,"['KE', 'MO', 'NI', 'NU', 'RI', 'RO']"
GL,CSE101,MAN AND HIS ENVIRONMENT,5,"['KE', 'MO', 'NI', 'NU', 'RI']"
GL,CSE102,MAN AND HIS ENVIRONMENT - TELEVISED,5,"['KE', 'MO', 'NI', 'NU', 'RI']"
GL,CIS142,INTRODUCTION TO NETWORK ADMINISTRATION,4,"['MO', 'NI', 'RI', 'RM']"
GL,CIS131,PC CONCEPTS AND NETWORK APPLICATIONS,3,"['MO', 'NI', 'RI']"
GL,CIS141,MICROCOMPUTER SUPPORT SYSTEMS,3,"['MO', 'NI', 'RI']"
GL,CIS205,APPLICATION SOFTWARE DEVELOPMENT PROJECT,3,"['MO', 'NI', 'RI']"
GL,CIS208,CONCEPTS OF DATABASE MANAGEMENT SYSTEMS,3,"['MO', 'NI', 'RI']"
GL,CIS211,SPREADSHEETS - EXCEL,3,"['MO', 'NI', 'RI']"
GL,CIS212,PROGRAMMING - VISUAL BASIC I,3,"['MO', 'NI', 'RI']"
GL,CIS213,PROGRAMMING - VISUAL BASIC II,3,"['MO', 'NI', 'RI']"
GL,CIS220,IT HELP DESK/TECHNICAL SUPPORT,3,"['NI', 'RI', 'RM']"
GL,MAT100,FOUNDATIONS OF MATHEMATICS I,3,"['KE', 'NI', 'RO']"
GL,MAT104,STATISTICS II,3,"['MO', 'NI', 'RI']"
GL,MAT106,TRIGONOMETRY,3,"['MO', 'NI', 'RI']"
GL,MAT112,ALGEBRA AND INTEGRAL CALCULUS,3,"['MO', 'NI', 'RI']"
GL,MAT161,STATISTICS: BUSINESS AND ECONOMICS,3,"['MO', 'NI', 'RI']"
GL,CIS101,COMPUTER LITERACY,2,"['NI', 'RO']"
GL,CIS132,NETWORKING ESSENTIALS,2,"['NI', 'RM']"
GL,CIS143,THE WINDOWS WORKSTATION,2,"['NI', 'RM']"
GL,CIS144,MANAGING AND MAINTAINING THE PC,2,"['NI', 'RM']"
GL,CIS231,WINDOWS SERVER AND NETWORK ADMINISTRATION,2,"['NI', 'RM']"
GL,CIS234,TCP/IP PROTOCOL,2,"['NI', 'RM']"
GL,CIS241,ADVANCED NETWORK AND SERVER TECHNOLOGY,2,"['NI', 'RM']"
GL,CIS245,THE EXCHANGE E-MAIL SERVER,2,"['NI', 'RM']"
GL,CIS247,THE PROXY SERVER,2,"['NI', 'RM']"
GL,CIS248,THE INTERNET INFORMATION SERVER,2,"['NI', 'RM']"
GL,CIS253,WEB SERVER - MS INFORMATION SERVER,2,"['NI', 'RM']"
GL,MAT109,TECHNICAL MATHEMATICS,2,"['NI', 'RM']"
GL,MAT229,REASONING AND PROOF,2,"['NI', 'RI']"
GL,CIS100,PROGRAMMING FUNDAMENTALS,1,['NI']
GL,CIS102,INTRODUCTION TO COMPUTERS,1,['NI']
GL,CIS103,INTRODUCTION TO MICROCOMPUTERS,1,['NI']
GL,CIS104,DISK OPERATING SYSTEM,1,['NI']
GL,CIS105,WORDPERFECT APPLICATIONS,1,['NI']
GL,CIS106,CONCEPTS OF INFORMATION TECHNOLOGY,1,['NI']
GL,CIS110,FUNDAMENTALS OF PROGRAMMING,1,['NI']
GL,CIS111,PROGRAMMING - VISUAL BASIC I,1,['NI']
GL,CIS112,PROGRAMMING - VISUAL BASIC II,1,['NI']
GL,CIS120,SPREADSHEETS-EXCEL,1,['NI']
GL,CIS151,WEB DEVELOPMENT- HTML,1,['NI']
GL,CIS153,WEB DEVELOPMENT - DREAMWEAVER,1,['NI']
GL,CIS161,STRUCTURED QUERY LANGUAGE (SQL),1,['NI']
GL,CIS170,TOPICS IN COMPUTER INFORMATION SYSTEMS,1,['NI']
GL,CIS171,TOPICS IN COMPUTER INFO SYSTMS,1,['NI']
GL,CIS200,PRINCIPLES OF INFORMATION AND WEB SECURITY,1,['NI']
GL,CIS201,PROGRAMMING - COBOL,1,['NI']
GL,CIS202,PROGRAMMING - RPG,1,['NI']
GL,CIS203,SYSTEMS ANALYSIS AND DESIGN,1,['NI']
GL,CIS206,ADVANCED COBOL,1,['NI']
GL,CIS209,SPREADSHEETS - LOTUS,1,['NI']
GL,CIS214,PROGRAMMING JAVA I,1,['NI']
GL,CIS215,PROGRAMMING JAVA II,1,['NI']
GL,CIS252,WEB DEVELOPMENT FOR E-COMMERCE,1,['NI']
GL,CIS254,INTERNET MARKETING,1,['NI']
GL,CIS261,DATABASE MANAGEMENT,1,['NI']
GL,CIS262,ADVANCED DATABASE MANAGEMENT,1,['NI']
GL,MAT101,CONCEPTS OF MATHEMATICS,1,['NI']
GL,MAT102,SURVEY OF MATHEMATICS,1,['NI']
GL,MAT105,INTERMEDIATE ALGEBRA,1,['RO']
GL,MAT111,ALGEBRA AND DIFFERENTIAL CALCULUS,1,['NI']
GL,MAT113,DISCRETE MATHEMATICS,1,['NI']
GL,MAT115,COLLEGE GEOMETRY,1,['NI']
GL,MAT120,STRUCTURES OF MATHEMATICS,1,['NI']
GL,MAT121,STRUCTURES OF MATHEMATICS II,1,['NI']
GL,MAT151,MATHEMATICS FOR MANAGEMENT,1,['NI']
GL,MAT170,TOPICS IN MATHEMATICS,1,['NI']
GL,MAT171,TOPICS IN MATHEMATICS,1,['NI']
GL,MAT200,FOUNDATIONS OF MATHEMATICS II,1,['NI']
GL,MAT203,STATISTICS II,1,['RM']
HD,MAT071,BASIC MATH,9,"['CE', 'FD', 'FM', 'KE', 'MO', 'NI', 'NU', 'RI', 'RO']"
HD,MAT072,BASIC MATH II,9,"['CE', 'FD', 'FM', 'KE', 'MO', 'NI', 'NU', 'RI', 'RO']"
HD,MAT073,BASIC ALGEBRA,9,"['CE', 'FD', 'FM', 'KE', 'MO', 'NI', 'NU', 'RI', 'RO']"
HD,MAT074,BASIC MATH III,9,"['CE', 'FD', 'FM', 'KE', 'MO', 'NI', 'NU', 'RI', 'RO']"
HD,MAT076,BASIC ALGEBRA II,9,"['CE', 'FD', 'FM', 'KE', 'MO', 'NI', 'NU', 'RI', 'RO']"
HD,MAT080,COLLEGE ALGEBRA WORKSHOP,9,"['CE', 'FD', 'FM', 'KE', 'MO', 'NI', 'NU', 'RI', 'RM']"
HD,MAT082,BASIC MATH EXPRESS,9,"['CE', 'FD', 'FM', 'KE', 'MO', 'NI', 'NU', 'RI', 'RO']"
HD,MAT083,BASIC ALGEBRA EXPRESS,9,"['CE', 'FD', 'FM', 'KE', 'MO', 'NI', 'NU', 'RI', 'RO']"
HD,MAT221DA,MATH ANALYSIS II,9,"['FD', 'FM', 'KE', 'MO', 'NI', 'NU', 'RI', 'RM', 'RO']"
HD,MAT109,HEALTH CARE STATISTICS,4,"['NI', 'NU', 'RI', 'RM']"
HD,MAT299,MATH FOR THE HEALTH SCIENCES INDEPENDENT STUDY,4,"['MO', 'NI', 'RI', 'RO']"
HD,MAT100,COLLEGE ALGEBRA,3,"['NI', 'RI', 'RO']"
HD,MAT101,COMPUTER MATHEMATICS,3,"['MO', 'NI', 'RI']"
HD,MAT121,MATH ANALYSIS I,3,"['MO', 'NI', 'RI']"
HD,MAT123,MATHEMATICS FOR THE LIBERAL ARTS,3,"['NI', 'RI', 'RM']"
HD,MAT221,MATH ANALYSIS II,3,"['MO', 'NI', 'RI']"
HD,MAT250,HEALTH CARE STATISTICS,3,"['MO', 'NI', 'RI']"
HD,MAT312,MATH FOR HEALTH SCIENCES,3,"['MO', 'NI', 'RI']"
HD,MAT102,MATHEMATICS FOR THE HEALTH SCIENCES,2,"['NI', 'RI']"
HD,MAT103,BUSINESS MATHEMATICS,2,"['NI', 'RI']"
HD,MAT105,TRIGONOMETRY,2,"['NI', 'NU']"
HD,MAT106,MATHEMATICAL ANALYSIS I,2,"['MO', 'NI']"
HD,MAT107,MATHEMATICAL ANALYSIS II,2,"['MO', 'NI']"
HD,DSC217,FUNDAMENTALS OF DATA SCIENCE,1,['NI']
HD,DSC218,DATA VISUALIZATION,1,['NI']
HD,MAT104,CONTEMPORARY MATHEMATICS,1,['NI']
HD,MAT116,PRECALCULUS FOR BUSINESS,1,['NI']
ME,MAT001,PREPARATORY MATHEMATICS,10,"['CE', 'FD', 'FM', 'KE', 'MO', 'NI', 'NU', 'RI', 'RM', 'RO']"
ME,MAT003,DEVELOPMENTAL MATHEMATICS I,10,"['CE', 'FD', 'FM', 'KE', 'MO', 'NI', 'NU', 'RI', 'RM', 'RO']"
ME,MAT004,PREPARATORY MATHEMATICS,10,"['CE', 'FD', 'FM', 'KE', 'MO', 'NI', 'NU', 'RI', 'RM', 'RO']"
ME,MAT037A,BEGINNING ALGEBRA PART A,10,"['CE', 'FD', 'FM', 'KE', 'MO', 'NI', 'NU', 'RI', 'RM', 'RO']"
ME,MAT031,BASIC ALGEBRA BRUSH-UP,9,"['CE', 'FD', 'FM', 'KE', 'MO', 'NI', 'NU', 'RI', 'RO']"
ME,MAT033,PRE-ALGEBRA,9,"['CE', 'FD', 'FM', 'KE', 'MO', 'NI', 'NU', 'RI', 'RO']"
ME,MAT034,BASIC ALGEBRA,9,"['CE', 'FD', 'FM', 'KE', 'MO', 'NI', 'NU', 'RI', 'RO']"
ME,MAT037,BEGINNING ALGEBRA,9,"['CE', 'FD', 'FM', 'KE', 'MO', 'NI', 'NU', 'RI', 'RO']"
ME,MAT037B,BEGINNING ALGEBRA PART B,9,"['CE', 'FD', 'FM', 'KE', 'MO', 'NI', 'NU', 'RI', 'RO']"
ME,MAT040,BASIC MATHEMATICS AND ALGEBRA,9,"['CE', 'FD', 'FM', 'KE', 'MO', 'NI', 'NU', 'RI', 'RO']"
ME,MAT020,BASIC MATHEMATICS,8,"['CE', 'FD', 'FM', 'KE', 'MO', 'NI', 'NU', 'RI']"
ME,MAT030,BASIC ALGEBRA,8,"['CE', 'FD', 'FM', 'KE', 'MO', 'NI', 'NU', 'RI']"
ME,MAT032,BEGINNING ALGEBRA - ACCELERATED,8,"['FM', 'KE', 'MO', 'NI', 'NU', 'RI', 'RM', 'RO']"
ME,MAT041,FOUNDATION MATH I,8,"['CE', 'FD', 'FM', 'KE', 'NI', 'NU', 'RM', 'RO']"
ME,MAT044,FOUNDATION MATH FOR STEM,8,"['CE', 'FD', 'FM', 'KE', 'NI', 'NU', 'RI', 'RM']"
ME,MAT038,INTERMEDIATE ALGEBRA FOR STEM,7,"['CE', 'FD', 'FM', 'KE', 'NI', 'NU', 'RI']"
ME,MAT042,FOUNDATION MATH FOR NON-STEM,7,"['CE', 'FD', 'FM', 'KE', 'NI', 'NU', 'RO']"
ME,MAT043,FOUNDATION MATH III,7,"['CE', 'FD', 'FM', 'KE', 'NI', 'NU', 'RM']"
ME,CIS091,PREPARATION FOR INFORMATION TECHNOLOGY,6,"['KE', 'MO', 'NI', 'NU', 'RM', 'RO']"
ME,CIS131,USING THE INTERNET I,6,"['KE', 'MO', 'NI', 'NU', 'RI', 'RM']"
ME,CIS132,USING THE INTERNT II,6,"['KE', 'MO', 'NI', 'NU', 'RI', 'RM']"
ME,CIS231,SPECIAL TOPICS - NETWORK APPLICATIONS,6,"['KE', 'MO', 'NI', 'NU', 'RI', 'RM']"
ME,CIS273,NETWORKING TECHNOLOGY,6,"['KE', 'MO', 'NI', 'NU', 'RI', 'RM']"
ME,CIS279,NETWARE TOPICS,6,"['KE', 'MO', 'NI', 'NU', 'RI', 'RM']"
ME,CIS284,LAN ADMINISTRATION NT,6,"['KE', 'MO', 'NI', 'NU', 'RI', 'RM']"
ME,CIS288,NT EXCHANGE SERVER,6,"['KE', 'MO', 'NI', 'NU', 'RI', 'RM']"
ME,CIS294,LAN ADMINISTRATION,6,"['KE', 'MO', 'NI', 'NU', 'RI', 'RM']"
ME,MAT100,APPLIED BASIC MATHEMATICS,6,"['KE', 'MO', 'NI', 'NU', 'RI', 'RO']"
ME,MAT113,COMPUTER PROGRAMMING I,6,"['KE', 'MO', 'NI', 'NU', 'RI', 'RO']"
ME,MAT310,ELEMENTARY TRIGONOMETRY,6,"['KE', 'MO', 'NI', 'NU', 'RI', 'RO']"
ME,MAT311,ADVANCED TRIGONOMETRY,6,"['KE', 'MO', 'NI', 'NU', 'RI', 'RO']"
ME,CIS108,COMPUTER LITERACY,5,"['KE', 'MO', 'NI', 'NU', 'RI']"
ME,CIS109,COMP WORKSHOP PC HARDWARE AND SOFTWARE,5,"['KE', 'MO', 'NI', 'NU', 'RI']"
ME,CIS116,INTRO TO BUSINESS INFORMATION SYSTEMS SOFTWARE,5,"['KE', 'MO', 'NI', 'NU', 'RI']"
ME,CIS151,INTRODUCTION TO COBOL PROGRAMMING,5,"['KE', 'MO', 'NI', 'NU', 'RI']"
ME,CIS152,INTERM COBOL PROGRAM,5,"['KE', 'MO', 'NI', 'NU', 'RI']"
ME,CIS224,OPERATING SYSTEMS,5,"['KE', 'MO', 'NI', 'NU', 'RI']"
ME,CIS237,"OS, VS AND MVS OPERATING SYSTEMS",5,"['KE', 'MO', 'NI', 'NU', 'RI']"
ME,CIS242,DATA BASE CONCEPTS,5,"['KE', 'MO', 'NI', 'NU', 'RI']"
ME,CIS245,SOFTWARE ENGINEERING,5,"['MO', 'NI', 'NU', 'RI', 'RM']"
ME,CIS246,SYSTEMS DESIGN/IMPLEMENTATION,5,"['MO', 'NI', 'NU', 'RI', 'RM']"
ME,CIS265,PC ASSEMBLER LANGUAGE,5,"['MO', 'NI', 'NU', 'RI', 'RM']"
ME,CIS274,LAN ADMINISTRATION,5,"['MO', 'NI', 'NU', 'RI', 'RM']"
ME,CIS275,ADVANCED LAN ADMINISTRATION,5,"['MO', 'NI', 'NU', 'RI', 'RM']"
ME,CIS276,NETWORK SERVICE AND SUPPORT,5,"['MO', 'NI', 'NU', 'RI', 'RM']"
ME,CIS277,NETWORK INSTALLATION AND CONFIGURATION,5,"['MO', 'NI', 'NU', 'RI', 'RM']"
ME,CIS278,ADVANCED NETWORK TOPICS,5,"['MO', 'NI', 'NU', 'RI', 'RM']"
ME,CIS285,ADVANCED LAN ADMINISTRATION NT,5,"['MO', 'NI', 'NU', 'RI', 'RM']"
ME,CIS286,NETWORK SERVICE AND SUPPORT NT,5,"['MO', 'NI', 'NU', 'RI', 'RM']"
ME,CIS287,NETWORK INSTALLATION AND CONNECTIVITY NT,5,"['MO', 'NI', 'NU', 'RI', 'RM']"
ME,CIS295,PC SYSTEMS SOFTWARE,5,"['MO', 'NI', 'NU', 'RI', 'RM']"
ME,MAT121,INTERMEDIATE ALGEBRA I,5,"['KE', 'MO', 'NI', 'RI', 'RO']"
ME,CIS171,PC APPLICATIONS: WORD PROCESSING SOFTWARE,4,"['MO', 'NI', 'NU', 'RI']"
ME,CIS172,INTERMEDIATE PC APPS:WORD PROCESSING SOFTWARE,4,"['MO', 'NI', 'NU', 'RI']"
ME,CIS174,INTER PC DATABASE AP,4,"['MO', 'NI', 'NU', 'RI']"
ME,CIS176,INTERMEDIATE PC SPREADSHEET APPLICATIONS,4,"['MO', 'NI', 'NU', 'RI']"
ME,CIS181,INTRODUCTION TO COMPUTER GRAPHICS,4,"['MO', 'NI', 'NU', 'RI']"
ME,CIS239,DATA COMMUNICATIONS,4,"['MO', 'NI', 'NU', 'RI']"
ME,CIS249,INFORMATION SYSTEMS PLANNING,4,"['MO', 'NI', 'NU', 'RI']"
ME,CIS251,ADVANCED COBOL PROGRAMMING,4,"['MO', 'NI', 'NU', 'RI']"
ME,CIS253,CICS PROGRAMMING,4,"['MO', 'NI', 'NU', 'RI']"
ME,CIS261,ASSEMBLER PROGRAMMING I,4,"['MO', 'NI', 'NU', 'RI']"
ME,MAT105,ALGEBRA AND TRIGONOMETRY,4,"['KE', 'MO', 'NI', 'RI']"
ME,MAT106,CALCULUS AND ANALYTIC GEOMETRY,4,"['KE', 'MO', 'NI', 'RI']"
ME,MAT109,ELEMENTARY ALGEBRA,4,"['MO', 'NI', 'RI', 'RO']"
ME,MAT114,COLLEGE MATHEMATICS II,4,"['KE', 'MO', 'NI', 'RI']"
ME,MAT122,INTERMEDIATE ALGEBRA II,4,"['KE', 'MO', 'NI', 'RI']"
ME,MAT131,GENERAL MATHEMATICS,4,"['KE', 'MO', 'NI', 'RI']"
ME,STA101,STUDY ABROAD SEMINAR,4,"['FD', 'FM', 'NI', 'NU']"
ME,CIS105,EXCEL BASICS,3,"['NI', 'RI', 'RM']"
ME,CIS150,COBOL PROGRAMMING,3,"['MO', 'NU', 'RI']"
ME,CIS185,INTRODUCTION TO  SAS PROGRAMMING,3,"['MO', 'NI', 'RI']"
ME,CIS194,PC HARDWRE/OPERATING SYSTEMS SOFTWARE,3,"['MO', 'NI', 'RI']"
ME,CIS212,ADVANCED PC BUSINESS APPLICATIONS,3,"['FD', 'FM', 'NI']"
ME,CIS236,JOB CONTROL LANGUAGE,3,"['MO', 'NU', 'RI']"
ME,MAT110,ELEMENTARY TECHNICAL MATHEMATICS,3,"['NI', 'RM', 'RO']"
ME,CIS133,SURFING THE WEB,2,"['NI', 'RM']"
ME,CIS247,PROJECT MANAGEMENT,2,"['NI', 'RM']"
ME,CIS255,INTRODUCTION TO HTML AND WEBSITE HOSTING,2,"['NI', 'RI']"
ME,CIS298,CO-OP EDUCATION - INFORMATION TECHNOLOGY,2,"['NI', 'NU']"
ME,CIS306,CO-OP EDUCATION I - INFORMATION SYSTEMS,2,"['NI', 'NU']"
ME,CIS307,CO-OP EDUCATION II - INFORMATION SYSTEMS,2,"['NI', 'NU']"
ME,CIS308,CO-OP EDUCATION III - INFORMATION SYSTEMS,2,"['NI', 'NU']"
ME,MAT101,INTERMEDIATE ALGEBRA,2,"['NI', 'RO']"
ME,MAT115,ALGEBRA AND TRIGONOMETRY I,2,"['NI', 'RM']"
ME,MAT116,ALGEBRA AND TRIGONOMETRY II,2,"['NI', 'RM']"
ME,MAT191,PROBLEM SOLVING USING GRAPHING CALCULATORS,2,"['NI', 'RO']"
ME,CIS112,INTRODUCTION TO PC BUSINESS APPLICATIONS,1,['NI']
ME,CIS123,INTERMEDIATE PROGRAMMING IN VISUAL BASIC.NET,1,['NI']
ME,CIS134,THE INTERNET AND COMPUTER TECHNOLOGY,1,['RM']
ME,CIS140,ELEMENTARY PROGRAMMING SKILLS,1,['NI']
ME,CIS145,BASIC PROGRAMMING,1,['NI']
ME,CIS146,ADVANCED PROGRAMMING IN BASIC,1,['NI']
ME,CIS156,INTRODUCTION TO C PROGRAMMING,1,['NI']
ME,CIS161,BUILDING E-COMMERCE WEBSITES,1,['NI']
ME,CIS162,ADVANCED E-COMMERCE WEBSITES,1,['NI']
ME,CIS173,PC APPLICATIONS: DATABASE,1,['NI']
ME,CIS175,PC APPLICATIONS: SPREADSHEETS,1,['NI']
ME,CIS182,PC APPLICATIONS: PRESENTATIONS,1,['NI']
ME,CIS216,SYSTEMS AUDITING AND CONTROL,1,['NI']
ME,CIS241,DATA BASE CONCEPTS,1,['NI']
ME,CIS243,SYSTEMS ANALYSIS,1,['NI']
ME,CIS248,ORACLE PROGRAMMING WITH VISUAL BASIC,1,['NI']
ME,CIS250,DATA BASE CONCEPTS AND TOOLS,1,['NI']
ME,CIS252,VISUAL BASIC FOR APPLICATIONS,1,['NI']
ME,CIS254,PROGRAMMING IN A FOURTH GENERATION LANGUAGE,1,['NI']
ME,CIS256,JAVA PROGRAMMING,1,['NI']
ME,CIS258,VISUAL J++,1,['NI']
ME,CIS280,PC APPLICATIONS: PROJECT MANAGEMENT,1,['NI']
ME,CIS281,C FOR INFORMATION SYSTEMS,1,['NI']
ME,MAT102,COLLEGE ALGEBRA,1,['NI']
ME,MAT103,PRE-CALCULUS MATHEMATICS I,1,['NI']
ME,MAT104,PRE-CALCULUS MATHEMATICS II,1,['NI']
ME,MAT107,CONCEPTS OF MATHEMATICS,1,['NI']
ME,MAT108,TOPICS IN MATHEMATICS,1,['NI']
ME,MAT120,MATHEMATICS FOR LIBERAL ARTS,1,['NI']
ME,MAT126,ELEMENTARY STATISTICS II,1,['NI']
ME,MAT135,INTERMEDIATE ALGEBRA WITH APPLICATIONS,1,['RO']
ME,MAT138,FINITE MATHEMATICS,1,['NI']
ME,MAT140,APPLIED COLLEGE ALGEBRA,1,['NI']
ME,MAT145,PRE-CALCULUS FOR SOCIAL SCIENCES OR BUSINESS,1,['NI']
ME,MAT150,FOUNDATIONS OF MATHEMATICS,1,['NI']
ME,MAT200,STATISTICS FOR SOCIAL AND HEALTH SCIENCES I,1,['NI']
ME,MAT202,PROBABILITY AND STATISTICS FOR SCIENCE/ENGINEER II,1,['NI']
ME,MAT205,STATISTICS FOR SOCIAL AND HEALTH SCIENCES II,1,['NI']
ME,MAT217,TECHNICAL CALCULUS,1,['NI']
MI,MAT117,CRITICAL ISSUES IN SCIENCE AND TECHNOLOGY I,10,"['CE', 'FD', 'FM', 'KE', 'MO', 'NI', 'NU', 'RI', 'RM', 'RO']"
MI,MAT118,CRITICAL ISSUES IN SCIENCE AND TECHNOLOGY II,10,"['CE', 'FD', 'FM', 'KE', 'MO', 'NI', 'NU', 'RI', 'RM', 'RO']"
MI,CPS021,CAREER AND EDUCATIONAL PLANNING,9,"['CE', 'FD', 'KE', 'MO', 'NI', 'NU', 'RI', 'RM', 'RO']"
MI,CPS031,BECOMING A MASTER STUDENT,9,"['CE', 'FD', 'KE', 'MO', 'NI', 'NU', 'RI', 'RM', 'RO']"
MI,MAT009,BASIC MATHEMATICS ALTERNATIVE,9,"['CE', 'FD', 'FM', 'KE', 'MO', 'NI', 'NU', 'RI', 'RO']"
MI,MAT010,BASIC MATHEMATICS,9,"['CE', 'FD', 'FM', 'KE', 'MO', 'NI', 'NU', 'RI', 'RO']"
MI,MAT010A,BASIC MATHEMATICS PART A,9,"['CE', 'FD', 'FM', 'KE', 'MO', 'NI', 'NU', 'RI', 'RO']"
MI,MAT010B,BASIC MATHEMATICS B,9,"['CE', 'FD', 'FM', 'KE', 'MO', 'NI', 'NU', 'RI', 'RO']"
MI,MAT011,MATH,9,"['CE', 'FD', 'FM', 'KE', 'MO', 'NI', 'NU', 'RI', 'RO']"
MI,MAT012,BASIC MATHEMATICS/ALGEBRA I,9,"['CE', 'FD', 'FM', 'KE', 'MO', 'NI', 'NU', 'RI', 'RO']"
MI,MAT013,ALGEBRA I,9,"['CE', 'FD', 'FM', 'KE', 'MO', 'NI', 'NU', 'RI', 'RO']"
MI,MAT013A,ALGEBRA I PART A,9,"['CE', 'FD', 'FM', 'KE', 'MO', 'NI', 'NU', 'RI', 'RO']"
MI,MAT013B,ALGEBRA I PART B,9,"['CE', 'FD', 'FM', 'KE', 'MO', 'NI', 'NU', 'RI', 'RO']"
MI,MAT014A,ALGEBRA II PART A,9,"['CE', 'FD', 'FM', 'KE', 'MO', 'NI', 'NU', 'RI', 'RO']"
MI,MAT014B,ALGEBRA II PART B,9,"['CE', 'FD', 'FM', 'KE', 'MO', 'NI', 'NU', 'RI', 'RO']"
MI,MAT082,ALGEBRA WORKSHOP,9,"['CE', 'FD', 'FM', 'KE', 'MO', 'NI', 'NU', 'RI', 'RO']"
MI,CPS041,STRATEGIES FOR SUCCESS,8,"['CE', 'FD', 'KE', 'MO', 'NI', 'NU', 'RI', 'RO']"
MI,MAT008,INTENSIVE MATH COMPUTATION,8,"['CE', 'FD', 'KE', 'MO', 'NI', 'NU', 'RI', 'RO']"
MI,MAT014,ALGEBRA II,8,"['CE', 'FD', 'FM', 'KE', 'MO', 'NU', 'RI', 'RO']"
MI,MAT119,MATHEMATICAL PRINCIPLES OF ENGINEERING,5,"['KE', 'MO', 'NI', 'RI', 'RO']"
MI,MAT115,CRITICAL ISSUES IN SCIENCE AND TECHNOLOGY I,4,"['KE', 'MO', 'NI', 'RI']"
MI,MAT107,MATHEMATICS I,2,"['NI', 'RO']"
MI,MAT108,MATHEMATICS II,2,"['NI', 'RO']"
MI,MAT110,COLLEGE ALGEBRA AND TRIGONOMETRY II,2,"['NI', 'RI']"
MI,MAT128,PRECALCULUS II,2,"['NI', 'RI']"
MI,MAT142,MATHEMATICS FOR TELECOMMUNICATIONS II,2,"['NI', 'RI']"
MI,MAT146,INTEGRATED MATHEMATICS II,2,"['NI', 'RI']"
MI,MAT101,THE MATHEMATICS OF MONEY,1,['NI']
MI,MAT102,A SURVEY OF MATHEMATICS,1,['NI']
MI,MAT104,MATHEMATICS IN THE ELEMENTARY SCHOOL,1,['NI']
MI,MAT109,COLLEGE ALGEBRA AND TRIGONOMETRY I,1,['NI']
MI,MAT113,MATHEMATICAL STRUCTURES I,1,['NI']
MI,MAT114,MATHEMATICAL STRUCTURES II,1,['NI']
MI,MAT116,COLLEGE ALGEBRA,1,['NI']
MI,MAT125,MATHEMATICS FOR DECISION SCIENCES I,1,['NI']
MI,MAT126,MATHEMATICS FOR DECISION SCIENCES II,1,['NI']
MI,MAT127,PRECALCULUS I,1,['NI']
MI,MAT129A,PRECALCULUS (PART A),1,['NI']
MI,MAT129B,PRECALCULUS (PART B),1,['NI']
MI,MAT139,PRECALCULUS FOR BUSINESS,1,['RM']
MI,MAT141,CALCULUS FOR BUSINESS AND ECONOMICS,1,['RM']
MI,MAT145,INTEGRATED MATHEMATICS I,1,['NI']
MI,MAT241,MATHEMATICS FOR TELECOMMUNICATIONS III,1,['NI']
MI,MAT242,MATHEMATICS FOR TELECOMMUNICATIONS IV,1,['NI']
MI,MAT245,INTEGRATED MATHEMATICS III,1,['NI']
MI,MAT246,INTEGRATED MATHEMATICS IV,1,['NI']
MI,MAT257,SELECTED TOPICS IN MATHEMATICS,1,['NU']
MR,MAT009,BASIC MATHEMATICS IA,10,"['CE', 'FD', 'FM', 'KE', 'MO', 'NI', 'NU', 'RI', 'RM', 'RO']"
MR,MAT010,BASIC ALGEBRA 1A,10,"['CE', 'FD', 'FM', 'KE', 'MO', 'NI', 'NU', 'RI', 'RM', 'RO']"
MR,MAT017,BASIC ALGEBRA IB,10,"['CE', 'FD', 'FM', 'KE', 'MO', 'NI', 'NU', 'RI', 'RM', 'RO']"
MR,MAT007,FOUNDATIONS OF ALGEBRA,9,"['CE', 'FD', 'FM', 'MO', 'NI', 'NU', 'RI', 'RM', 'RO']"
MR,MAT021,BASIC ALGEBRA IC,9,"['CE', 'FD', 'FM', 'KE', 'MO', 'NI', 'NU', 'RI', 'RO']"
MR,MAT022,BASIC ALGEBRA ID,9,"['CE', 'FD', 'FM', 'KE', 'MO', 'NI', 'NU', 'RI', 'RO']"
MR,MAT050,FUNDAMENTALS OF MATHEMATICS,9,"['CE', 'FD', 'FM', 'KE', 'MO', 'NI', 'NU', 'RI', 'RO']"
MR,MAT060,FUNDAMENTALS OF ALGEBRA,9,"['CE', 'FD', 'FM', 'KE', 'MO', 'NI', 'NU', 'RI', 'RO']"
MR,MAT006,ELEMENTS OF ALGEBRA,8,"['CE', 'FD', 'FM', 'KE', 'MO', 'NI', 'NU', 'RI']"
MR,MAT011,BASIC MATHEMATICS I,8,"['CE', 'FD', 'FM', 'MO', 'NI', 'NU', 'RI', 'RO']"
MR,MAT014,BASIC ALGEBRA I,8,"['CE', 'FD', 'FM', 'MO', 'NI', 'NU', 'RI', 'RO']"
MR,MAT016,INTERMEDIATE ALGEBRA,8,"['CE', 'FM', 'KE', 'MO', 'NI', 'NU', 'RI', 'RO']"
MR,MAT140,MATH FOR RADIOGRAPHERS,5,"['FD', 'FM', 'NI', 'RI', 'RM']"
MR,MAT221,INTERSHIP EXPERIENCE - QUANTITATIVE ANALYSIS (45-1,5,"['CE', 'FD', 'FM', 'NI', 'RI']"
MR,MAT222,INTERNSHIP EXPERIENCE - QUANTITATIVE ANALYSIS (90-,5,"['CE', 'FD', 'FM', 'NI', 'RI']"
MR,MAT223,INTERNSHIP EXPERIENCE - QUANTITATIVE ANALYSIS (135,5,"['CE', 'FD', 'FM', 'NI', 'RI']"
MR,MAT128,LINEAR ALGEBRA,3,"['MO', 'NI', 'RI']"
MR,MAT214,OPERATIONAL CALCULUS,3,"['MO', 'NI', 'RI']"
MR,MAT270,NUMBERS AND OPERATIONS FOR MIDDLE GRADES,3,"['KE', 'NI', 'RI']"
MR,MAT271,ALGEBRA FOR MIDDLE GRADES,3,"['KE', 'NI', 'RI']"
MR,MAT272,MATHEMATICS FOR MIDDLE GRADES,3,"['KE', 'NI', 'RI']"
MR,MAT273,STATISTICS FOR MIDDLE GRADES,3,"['KE', 'NI', 'RI']"
MR,MAT274,GEOMETRY FOR MIDDLE GRADES,3,"['KE', 'NI', 'RI']"
MR,MAT100,MATHEMATICS OF MEASURMENT AND DESIGN,2,"['NI', 'RI']"
MR,MAT101,MATHEMATICS FOR LABORATORY TECHNICIAN,2,"['NI', 'RI']"
MR,MAT114,INTRODUCTION TO DATA SCIENCE,2,"['NI', 'RI']"
MR,MAT110,COLLEGE ALGEBRA,1,['NI']
MR,MAT111,APPLIED COLLEGE MATHEMATICS,1,['NI']
MR,MAT113,APPLIED CALCULUS,1,['NI']
MR,MAT115,MODERN MATHEMATICS I,1,['NI']
MR,MAT116,MODERN MATHEMATICS II,1,['NI']
MR,MAT117,MATHEMATICAL ANALYSIS FOR BUSINESS AND ECONOMICS,1,['NI']
MR,MAT120,MATHEMATICS FOR LIBERAL ARTS,1,['NI']
MR,MAT182,MATH FOR LIBERAL ARTS - HONORS,1,['NI']
MR,MAT210,PROBABILITY AND STATISTICS II,1,['NI']
MR,MAT228,LINEAR ALGEBRA,1,['RI']
OC,CS285,OPERATING SYSTEMS,9,"['FD', 'FM', 'KE', 'MO', 'NI', 'NU', 'RI', 'RM', 'RO']"
OC,MATH001,BASIC MATHEMATICS,9,"['CE', 'FD', 'FM', 'KE', 'MO', 'NI', 'NU', 'RI', 'RO']"
OC,MATH012,INTRODUCTION TO ALGEBRA II,9,"['CE', 'FD', 'FM', 'KE', 'MO', 'NI', 'NU', 'RI', 'RO']"
OC,MATH011,INTRODUCTION TO ALGEBRA I,8,"['CE', 'FD', 'FM', 'KE', 'MO', 'NI', 'NU', 'RI']"
OC,MATH023,ALGEBRA BASICS,8,"['CE', 'FD', 'FM', 'KE', 'NI', 'NU', 'RI', 'RO']"
OC,CS165,MS/DOS,4,"['MO', 'NI', 'NU', 'RI']"
OC,MATH168,BASIC TECHNICAL MATHEMATICS,4,"['FD', 'FM', 'NI', 'RM']"
OC,CS120,COMPUTER WRITING SURVIVAL SKILLS,3,"['NI', 'NU', 'RO']"
OC,MATH157,INTRODUCTION TO DATA SCIENCE,3,"['NI', 'RI', 'RM']"
OC,CS184,DESKTOP PUBLISHING,2,"['MO', 'NI']"
OC,CS186,NETWORKING ESSENTIALS,2,"['NI', 'RM']"
OC,CS230,MULTI-NETWORK MANAGEMENT,2,"['NI', 'RM']"
OC,CS231,NETWORK MANAGEMENT,2,"['NI', 'RM']"
OC,MATH151,A SURVEY OF MATHEMATICS,2,"['NI', 'RM']"
OC,CS121,COMPUTER LITERACY,1,['NI']
OC,CS125,INTERNET ESSENTIALS - HTML,1,['NI']
OC,CS148,INTEGRATED OFFICE SOFTWARE,1,['NI']
OC,CS153,COMPUTER AND PROGRAMMING,1,['NI']
OC,CS160,COMPUTER SPREADSHEET,1,['NI']
OC,CS164,COMPUTER PROGRAMMING II,1,['NI']
OC,CS166,TECHNICAL WRITING FOR COMPUTER SCIENCE,1,['NI']
OC,CS167,DATABASE APPLICATIONS,1,['NI']
OC,CS168,INTRO TO AUTOMATED SPREADSHEETS,1,['NI']
OC,CS174,APPLICATION PROGRAMMING IN COBOL,1,['NI']
OC,CS178,INTERNET/INTRANET APP DEVELOPMENT,1,['NI']
OC,CS180,WEBSITE DESIGN,1,['NI']
OC,CS191,UNIX,1,['NU']
OC,CS245,PROGRAMMING FOR A WINDOWS ENVIRONMENT,1,['NI']
OC,CS254,PROGRAMMING FOR THE WEB,1,['NI']
OC,CS260,SYSTEMS ANALYSIS,1,['NI']
OC,CS270,PROGRAMMING IN JAVA,1,['NI']
OC,CS274,APPLICATION PROGRAMMING IN C++,1,['NI']
OC,CS284,DATABASE MANAGEMENT,1,['NI']
OC,MATH147,BUSINESS MATHEMATICS I,1,['NI']
OC,MATH149,MATH OF FINANCE,1,['NI']
OC,MATH158,ALGEBRAIC MODELING,1,['NI']
OC,MATH166,TOPICS IN ALGEBRA,1,['NI']
OC,MATH171,FINITE MATHEMATICS,1,['NI']
OC,MATH181,INTRODUCTION TO PROBABILITY,1,['NI']
OC,MATH191,PRECALCULUS I,1,['NI']
OC,MATH192,PRECALCULUS II,1,['NI']
OC,MATH196,PRECALCULUS,1,['NI']
OC,MATH201,PRECALCULUS TECHNIQUES AND APPLICATIONS,1,['NI']
OC,MATH241,APPLIED CALCULUS,1,['NI']
PA,MA104,CALCULUS I,5,"['KE', 'MO', 'NI', 'NU', 'RI']"
PA,MA105,CALCULUS II,5,"['KE', 'MO', 'NI', 'NU', 'RI']"
PA,CIS103,COMPUTER KEYBOARDING,4,"['FD', 'NI', 'NU', 'RM']"
PA,CIS104,DATA ENTRY,4,"['FD', 'NI', 'NU', 'RM']"
PA,CIS115,COMPUTER OPERATIONS,4,"['KE', 'MO', 'NI', 'RI']"
PA,CIS124,MICROCOMPUTER CONCEPTS,4,"['KE', 'MO', 'NI', 'RI']"
PA,CIS136,BAL II,4,"['KE', 'MO', 'NI', 'RI']"
PA,CIS140,RPG/PROGRAMMING,4,"['KE', 'MO', 'NI', 'RI']"
PA,CIS145,INTRO TO IBM AS/400,4,"['KE', 'MO', 'NI', 'RI']"
PA,CIS146,RPG/400 PROGRAMMING,4,"['KE', 'MO', 'NI', 'RI']"
PA,CIS294,INTERNSHIP PROGRAM,4,"['CE', 'NI', 'RI', 'RM']"
PA,CIS116,SOFTWARE/HARDWARE MAINTENANCE AND DIAGNOSTICS,3,"['NI', 'RI', 'RM']"
PA,CIS127,MICROCOMPUTER SOFTWARE III,3,"['NI', 'RI', 'RM']"
PA,CIS135,BAL I,3,"['KE', 'MO', 'RI']"
PA,CIS212,EMERGING TECHNOLOGY,3,"['NI', 'RI', 'RM']"
PA,CIS218,TECHNICAL COMMUNICATIONS,3,"['NI', 'RI', 'RM']"
PA,CIS102,BASIC,2,"['MO', 'RI']"
PA,CIS152,INTERNET/E-COMMERCE TECHNOLOGIES,2,"['NI', 'RM']"
PA,CIS173,WEB GRAPHICS,2,"['NI', 'RM']"
PA,CIS181,NETWORK ADMINISTRATION I,2,"['NI', 'RM']"
PA,CIS182,NETWORK ADMINISTRATION II,2,"['NI', 'RM']"
PA,CIS183,NETWORKING INFRASTRUCTURE,2,"['NI', 'RM']"
PA,CIS240,MOBILE APPS DEVELOPMENT,2,"['CE', 'FD']"
PA,CIS281,NETWORK ADMINISTRATION I,2,"['NI', 'RM']"
PA,CIS282,NETWORK ADMINISTRATION II,2,"['NI', 'RM']"
PA,CIS283,NETWORKING INFRASTRUCTURE,2,"['NI', 'RM']"
PA,CIS293,CIS COOPERATIVE EDUCATION,2,"['NI', 'NU']"
PA,MA108,COLLEGE ALGEBRA,2,"['NI', 'RO']"
PA,CIS106,LINUX FUNDAMENTALS,1,['RI']
PA,CIS110,FORTRAN/COMPUTER PROGRAMMING,1,['NI']
PA,CIS123,VBA AND OFFICE AUTOMATION,1,['NI']
PA,CIS126,MICROCOMPUTER SOFTWARE II,1,['NI']
PA,CIS160,FUNDAMENTALS OF COMPUTER SCIENCE I,1,['NI']
PA,CIS161,FUNDAMENTALS  OF COMPUTER SCIENCE II,1,['NI']
PA,CIS166,JAVA PROGRAMMING,1,['NI']
PA,CIS170,WEBSITE DESIGN AND TOOLS,1,['NI']
PA,CIS171,ADVANCED WEB PAGE DESIGN,1,['NI']
PA,CIS180,NETWORKING ESSENTIALS,1,['RM']
PA,CIS190,DATA BASE FUNDAMENTALS,1,['NI']
PA,CIS210,ADVANCED TOPICS IN CIS,1,['NI']
PA,CIS236,COMPUTER ORGANIZATION AND ARCHITECTURE,1,['NI']
PA,CIS271,WEB CLIENT DEVELOPMENT,1,['NI']
PA,CIS273,WEB GRAPHICS,1,['NI']
PA,CIS275,WEB SERVER DEVELOPMENT,1,['NI']
PA,CIS286,NETWORKING SECURITY FUNDAMENTALS,1,['RM']
PA,CIS289,COMPUTER FORENSICS/INVESTIGATION,1,['RM']
PA,CIS295,CAPSTONE PROJECT,1,['NI']
PA,MA101,COLLEGE MATHEMATICS I,1,['NI']
PA,MA102,COLLEGE MATHEMATICS II,1,['NI']
PA,MA110,MATHEMATICS FOR MANAGEMENT,1,['NI']
RV,MATH010,ARITHMETIC,9,"['CE', 'FD', 'FM', 'KE', 'MO', 'NI', 'NU', 'RI', 'RO']"
RV,MATH013,ARITHMETIC I: COMPUTATION,9,"['CE', 'FD', 'FM', 'KE', 'MO', 'NI', 'NU', 'RI', 'RO']"
RV,MATH014,ARITHMETIC II: PROPORTIONAL REASONING,9,"['CE', 'FD', 'FM', 'KE', 'MO', 'NI', 'NU', 'RI', 'RO']"
RV,MATH020,ELEMENTARY ALGEBRA,9,"['CE', 'FD', 'FM', 'KE', 'MO', 'NI', 'NU', 'RI', 'RO']"
RV,MATH020A,ELEMENTARY ALGEBRA PART 1,9,"['CE', 'FD', 'FM', 'KE', 'MO', 'NI', 'NU', 'RI', 'RO']"
RV,MATH020R,ELEMENTARY ALGEBRA REVIEW,9,"['CE', 'FD', 'FM', 'KE', 'MO', 'NI', 'NU', 'RI', 'RO']"
RV,MATH021,INTERMEDIATE ALGEBRA,9,"['CE', 'FD', 'FM', 'KE', 'MO', 'NI', 'NU', 'RI', 'RO']"
RV,MATH022,ALGEBRA MOD I: EQUATIONS AND INEQUALITIES,9,"['CE', 'FD', 'FM', 'KE', 'MO', 'NI', 'NU', 'RI', 'RO']"
RV,MATH023,ALGEBRA MOD 2: LINEAR BEHAVIOR,9,"['CE', 'FD', 'FM', 'KE', 'MO', 'NI', 'NU', 'RI', 'RO']"
RV,MATH024,ALGEBRA MOD 3: POLYNOMIAL BEHAVIOR,9,"['CE', 'FD', 'FM', 'KE', 'MO', 'NI', 'NU', 'RI', 'RO']"
RV,MATH025,ALGEBRA MOD 4:RATIONAL AND RADICAL BEHAVIOR,9,"['CE', 'FD', 'FM', 'KE', 'MO', 'NI', 'NU', 'RI', 'RO']"
RV,MATH030,INTERMEDIATE ALGEBRA,9,"['CE', 'FD', 'FM', 'KE', 'MO', 'NI', 'NU', 'RI', 'RO']"
RV,MATH030R,INTERMEDIATE ALGEBRA WITH ALGEBRA REVIEW,8,"['CE', 'FD', 'FM', 'KE', 'NI', 'NU', 'RI', 'RO']"
RV,MATH317,PROBABILITY THEORY,4,"['MO', 'NI', 'RI', 'RO']"
RV,MATH351,INDEPENDENT STUDY - REGRESSION ANALYSIS,4,"['MO', 'NI', 'RI', 'RO']"
RV,MATH104,MATHEMATICAL PATTERNS IN NUMBERS AND SOUND,3,"['NI', 'RI', 'RM']"
RV,MATH106,TECHNICAL MATH,3,"['KE', 'NI', 'RI']"
RV,MATH109,INTEGRATED MATHEMATICS IV,3,"['MO', 'NI', 'RI']"
RV,MATH228,MULTIVARIATE STATISTICS,3,"['MO', 'NI', 'RO']"
RV,MATH375,MATHEMATICS CO-OP EDUCATION,3,"['NI', 'NU', 'RI']"
RV,MATH101R,NUMBER SYSTEMS WITH REVIEW,2,"['NI', 'RI']"
RV,MATH103C,QUANTITATIVE REASONING,2,"['NI', 'RI']"
RV,MATH115H,"SUM, SEQUENCE SERIES - HONORS",2,"['NI', 'RI']"
RV,MATH116H,INTRODUCTION TO LIMITS - HONORS,2,"['NI', 'RI']"
RV,MATH118H,INTRO TO EXPERIMENTAL DESIGN,2,"['NI', 'RI']"
RV,MATH124H,MATHEMATICAL THINKING - HONORS,2,"['NI', 'RI']"
RV,MATH296H,MATHEMATICS AND STATISTICS CAPSTONE RESEARCH HONOR,2,"['MO', 'NI']"
RV,MATH299,SPECIAL TOPICS IN MATHEMATICS,2,"['NI', 'RI']"
RV,MATH100,FINITE MATHEMATICS,1,['NI']
RV,MATH101,NUMBER SYSTEMS,1,['NI']
RV,MATH102,PROBLEM SOLVING STRATEGIES,1,['NI']
RV,MATH105,CONTEMPORARY MATHEMATICS,1,['NI']
RV,MATH107,MATH REASONING FOR EDUCATORS I,1,['NI']
RV,MATH108,MATH REASONING FOR EDUCATORS II,1,['NI']
RV,MATH112,PRECALCULUS I,1,['NI']
RV,MATH117H,STATISTICS HONORS,1,['NI']
RV,MATH124,MATHEMATICAL THINKING,1,['NI']
RV,MATH211,PRECALCULUS,1,['NI']
RV,MATH211H,PRECALCULUS - HONORS,1,['NI']
RV,MATH212,"SUM, SEQUENCE SERIES",1,['NI']
RV,MATH212H,"SUM, SEQUENCE SERIES - HONORS",1,['NI']
RV,MATH213,INTRODUCTION TO LIMITS,1,['NI']
RV,MATH213H,INTRODUCTION TO LIMITS - HONORS,1,['NI']
RV,MATH214,MATHEMATICAL THINKING,1,['NI']
RV,MATH214H,MATHEMATICAL THINKING - HONORS,1,['NI']
RV,MATH215,INTRODUCTION TO EXPERIMENTAL DESIGN,1,['NI']
RV,MATH215H,INTRODUCTION TO EXPERIMENTAL DESIGN - HONORS,1,['NI']
RV,MATH223,STATISTICS II,1,['NI']
SA,MA90,BASIC COLLEGE MATHEMATICS,10,"['CE', 'FD', 'FM', 'KE', 'MO', 'NI', 'NU', 'RI', 'RM', 'RO']"
SA,MA89,INTRO TO DEVELOPMENTAL MATH,9,"['CE', 'FD', 'FM', 'KE', 'MO', 'NI', 'NU', 'RI', 'RO']"
SA,MA91,DEVELOPMENTAL MATHEMATICS,9,"['CE', 'FD', 'FM', 'KE', 'MO', 'NI', 'NU', 'RI', 'RO']"
SA,MA93,ELEMENTARY ALGEBRA,9,"['CE', 'FD', 'FM', 'KE', 'MO', 'NI', 'NU', 'RI', 'RO']"
SA,MA95,INTERMEDIATE ALGEBRA,9,"['CE', 'FD', 'FM', 'KE', 'MO', 'NI', 'NU', 'RI', 'RO']"
SA,MAT092,PRE-ALGEBRA,9,"['FD', 'FM', 'KE', 'MO', 'NI', 'NU', 'RI', 'RM', 'RO']"
SA,MAT037,COLLEGE ALEBRA ENHANCEMENT,8,"['CE', 'FD', 'FM', 'KE', 'MO', 'NI', 'NU', 'RI']"
SA,MAT093,ELEMENTARY ALGEBRA,8,"['FD', 'FM', 'KE', 'MO', 'NI', 'NU', 'RI', 'RO']"
SA,MAT094,CONTEMPORARY MATH ENHANCEMENT,8,"['CE', 'FD', 'FM', 'KE', 'MO', 'NI', 'NU', 'RI']"
SA,MAT095,INTERMEDIATE ALGEBRA,8,"['CE', 'FD', 'FM', 'KE', 'MO', 'NU', 'RI', 'RO']"
SA,MAT135,INTERMEDIATE ALGEBRA,7,"['CE', 'KE', 'MO', 'NI', 'NU', 'RI', 'RO']"
SA,CS212,INTRO TO PROGRAMMING IN C++,6,"['KE', 'MO', 'NI', 'NU', 'RI', 'RO']"
SA,MAT211,CALCULUS REVIEW,6,"['KE', 'MO', 'NI', 'NU', 'RI', 'RO']"
SA,CS115,COMPUTER APPLICATIONS,5,"['FD', 'FM', 'NI', 'RI', 'RO']"
SA,CS214,DATA STRUCTURES WITH C++,5,"['KE', 'MO', 'NI', 'NU', 'RI']"
SA,CS240,PROGRAMMING IN,5,"['KE', 'MO', 'NI', 'NU', 'RI']"
SA,MAT105,APPLIED MATH FOR INDUSTRIAL TEC,5,"['KE', 'MO', 'NI', 'NU', 'RI']"
SA,MAT115,FUNDAMENTALS OF MATH FOR NURSING,5,"['FD', 'FM', 'KE', 'NI', 'RI']"
SA,MAT131,COLLEGE ALGEBRA I,5,"['KE', 'MO', 'NI', 'NU', 'RI']"
SA,MAT132,ALGEBRA II,5,"['KE', 'MO', 'NI', 'NU', 'RI']"
SA,MAT143,ENGINEERING TECHNOLOGY MATHEMATICS,5,"['KE', 'MO', 'NI', 'NU', 'RI']"
SA,CS111,COMPUTER PROGRAMMING IN BASIC,3,"['MO', 'NI', 'RI']"
SA,IT106,PC ASSEMBLY,3,"['FD', 'NI', 'RM']"
SA,IT108,COPPER CABLING SYSTEMS,3,"['FD', 'NI', 'RM']"
SA,IT109,FIBER OPTICS CABLING SYSTEMS,3,"['FD', 'NI', 'RM']"
SA,IT210,WEBSITE MANAGEMENT,3,"['NI', 'RI', 'RM']"
SA,MAT136,INTERMEDIATE ALGEBRA,3,"['NI', 'RI', 'RO']"
SA,MAT201,STATISTICS,3,"['FM', 'NI', 'RI']"
SA,CS113,MICROCOMPUTER APPLICATIONS,2,"['NI', 'RI']"
SA,CS251,INTRODUCTION TO JAVA PROGRAMMING,2,"['CE', 'NI']"
SA,CS252,ADVANCED JAVA CONCEPTS,2,"['CE', 'NI']"
SA,IT101,PC ASSEMBLY,2,"['NI', 'RM']"
SA,IT102,HOW THE MAC WORKS,2,"['NI', 'RM']"
SA,IT103,NETWORK DESIGN AND TOPOLOGIES,2,"['NI', 'RM']"
SA,IT104,COMPUTER REPAIR,2,"['NI', 'RM']"
SA,IT105,NETWORK SYSTEMS I,2,"['NI', 'RM']"
SA,IT107,FUNDAMENTALS OF ELECTRONIC COMMUNICATION,2,"['NI', 'RM']"
SA,IT204,COMPUTER REPAIR II,2,"['NI', 'RM']"
SA,IT205,NETWORK SYSTEMS II,2,"['NI', 'RM']"
SA,MAT100,APPLIED MATHEMATICS,2,"['NI', 'RI']"
SA,MAT110,INTRODUCTION TO COLLEGE MATHEMATICS,2,"['NI', 'RO']"
SA,MAT151,ELEMENTARY FUNCTIONS,2,"['CE', 'NI']"
SA,CS125,DATABASE MANAGEMENT,1,['NI']
SA,CS130,OPERATING SYSTEMS,1,['NI']
SA,CS217,INTRODUCTION TO VISUAL BASIC,1,['NI']
SA,CS225,ADVANCED VISUAL BASIC,1,['NI']
SA,CS241,ADVANCED C++ CONCEPTS,1,['NI']
SA,CS250,WEB PROGRAMMING,1,['NI']
SA,CS260,SYSTEMS ANALYSIS AND DESIGN,1,['NI']
SA,MAT134,CONTEMPORARY MATHEMATICS,1,['NI']
SA,MAT145,COLLEGE TRIGONOMETRY,1,['NI']
SA,MAT170,DISCRETE MATH,1,['MO']
SA,MAT205,INDUSTRIAL STATISTICS,1,['NI']
SA,MAT210,CALCULUS WITH APPS TO MANAGEMENT AND SOCIAL SCIENC,1,['NI']
SX,MATH101,COLLEGE ALGEBRA I,9,"['FD', 'FM', 'KE', 'MO', 'NI', 'NU', 'RI', 'RM', 'RO']"
SX,MATH102,COLLEGE ALGEBRA II,9,"['FD', 'FM', 'KE', 'MO', 'NI', 'NU', 'RI', 'RM', 'RO']"
SX,MATH105,TECHNICAL MATHEMATICS,3,"['NI', 'RI', 'RO']"
SX,MATH222,STATISTICS AND RESEARCH METHODS IN PSYCHOLOGY,2,"['KE', 'NI']"
SX,MATH104,CONTEMPORARY MATHEMATICS,1,['NI']
SX,MATH106,MATHEMATICAL CONCEPTS,1,['NI']
SX,MATH108,STATISTICS,1,['NI']
SX,MATH110,PRE-CALCULUS I,1,['NI']
SX,MATH112,PRE-CALCULUS II,1,['NI']
SX,MATH118,APPLIED COLLEGE MATH,1,['NI']
SX,MATH119,APPLIED CALCULUS,1,['NI']
SX,MATH205,BUSINESS CALCULUS,1,['NI']
UI,MAT001,MATHEMATICAL COMPUTATIONS AND PROBLEM SOLVING,10,"['CE', 'FD', 'FM', 'KE', 'MO', 'NI', 'NU', 'RI', 'RM', 'RO']"
UI,MAT005,INTERMEDIATE ALGEBRA,9,"['CE', 'FD', 'FM', 'KE', 'MO', 'NI', 'NU', 'RI', 'RO']"
UI,MAT006,TRIGONOMETRY,9,"['CE', 'FD', 'FM', 'KE', 'MO', 'NI', 'NU', 'RI', 'RO']"
UI,MAT012,ESL MATHEMATICS,9,"['CE', 'FD', 'FM', 'KE', 'MO', 'NI', 'NU', 'RI', 'RO']"
UI,MAT025,ELEMEMTARY ALGEBRA I,9,"['CE', 'FD', 'FM', 'KE', 'MO', 'NI', 'NU', 'RI', 'RO']"
UI,MAT026,ELEMENTARY ALGEBRA II,9,"['CE', 'FD', 'FM', 'KE', 'MO', 'NI', 'NU', 'RI', 'RO']"
UI,MAT055,INTERMEDIATE ALGEBRA,9,"['CE', 'FD', 'FM', 'KE', 'MO', 'NI', 'NU', 'RI', 'RO']"
UI,MAT066,TRIGONOMETRY,9,"['CE', 'FD', 'FM', 'KE', 'MO', 'NI', 'NU', 'RI', 'RO']"
UI,MAT002,ELEMENTARY ALGEBRA,8,"['CE', 'FD', 'FM', 'MO', 'NI', 'NU', 'RI', 'RO']"
UI,MAT240,TECHNICAL MATHEMATICS III,8,"['FD', 'FM', 'KE', 'MO', 'NI', 'NU', 'RI', 'RO']"
UI,MAT100,MATH FOR PHARMACOLOGY,5,"['MO', 'NI', 'NU', 'RI', 'RM']"
UI,MAT105,SURVEY OF SPECIAL TOPICS IN MATHEMATICS,5,"['MO', 'NI', 'NU', 'RI', 'RO']"
UI,MAT106,MATHEMATICS FOR MANAGEMENT AND SOCIAL SCIENCES,5,"['MO', 'NI', 'NU', 'RI', 'RO']"
UI,MAT108,BASIC PROGRAMMING AND APPLICATIONS,5,"['MO', 'NI', 'NU', 'RI', 'RO']"
UI,MAT111,ELEMENTARY FUNCTIONS,5,"['MO', 'NI', 'NU', 'RI', 'RO']"
UI,MAT112,ELEMENTARY APPLIED ANALYSIS,5,"['MO', 'NI', 'NU', 'RI', 'RO']"
UI,MAT156,BUSINESS MATHEMATICS,5,"['MO', 'NI', 'NU', 'RI', 'RO']"
UI,MAT165,ALGEBRA,5,"['MO', 'NI', 'NU', 'RI', 'RO']"
UI,MAT201,CALCULUS AND ANALYTIC GEOMETRY III,5,"['MO', 'NI', 'NU', 'RI', 'RO']"
UI,MAT215,TECHNICAL MATHEMATICS III,5,"['MO', 'NI', 'NU', 'RI', 'RO']"
UI,CIS104,DATA BASE MANAGEMENT,4,"['MO', 'NI', 'RI', 'RO']"
UI,CIS105,DATA COMMUNICATIONS AND NETWORKS,4,"['MO', 'NI', 'RI', 'RO']"
UI,MAT101,FINITE MATHEMATICS,4,"['MO', 'NI', 'NU', 'RI']"
UI,MAT115,COLLEGE ALGEBRA AND TRIGONOMETRY,4,"['MO', 'NI', 'NU', 'RI']"
UI,MAT121,CALCULUS AND ANALYTIC GEOMETRY I,4,"['MO', 'NI', 'RI', 'RO']"
UI,MAT122,CALCULUS AND ANALYTIC GEOMETRY II,4,"['MO', 'NI', 'RI', 'RO']"
UI,MAT131,UNIFIED CALCULUS I,4,"['MO', 'NI', 'NU', 'RI']"
UI,MAT132,UNIFIED CALCULUS II,4,"['MO', 'NI', 'NU', 'RI']"
UI,MAT185,INTRODUCTION TO TI-85 GRAPHICS CALCULATOR/DERIVE,4,"['MO', 'NI', 'RI', 'RO']"
UI,MAT204,BUSINESS STATISTICAL ANALYSIS,4,"['MO', 'NI', 'NU', 'RI']"
UI,MAT205,LINEAR ALGEBRA,4,"['MO', 'NI', 'NU', 'RI']"
UI,MAT211,UNIFIED CALCULUS III,4,"['MO', 'NI', 'NU', 'RI']"
UI,MAT212,DIFFERENTIAL EQUATIONS,4,"['MO', 'NI', 'NU', 'RI']"
UI,CIS107,OPERATING SYSTEMS FOR HELP DESK,3,"['FD', 'NI', 'RM']"
UI,MAT107,ELEMENTARY STATISTICS,3,"['MO', 'NI', 'RI']"
UI,MAT133,TRIGONOMETRY,3,"['MO', 'NI', 'RI']"
UI,MAT141,TECHNICAL MATHEMATICS I,3,"['MO', 'NI', 'RI']"
UI,MAT142,TECHNICAL MATHEMATICS II,3,"['MO', 'NI', 'RI']"
UI,MAT145,ELEMENTARY FUNCTIONS,3,"['MO', 'NI', 'RI']"
UI,MAT152,ELEMENTS OF STATISTICAL INFERENCE,3,"['MO', 'NU', 'RI']"
UI,MAT228,ADVANCED TOPICS IN COMPUTER SCIENCE,3,"['MO', 'NI', 'RI']"
UI,MAT231,CALCULUS I,3,"['MO', 'NI', 'RI']"
UI,MAT241,TECHNICAL MATHEMATICS III,3,"['MO', 'NI', 'RI']"
UI,MAT261,CALCULUS AND ANALYTIC GEOMETRY III,3,"['MO', 'NI', 'RI']"
UI,CIS111,INTEGRATING TECHNOLOGY IN THE CURRICULUM,2,"['NI', 'RM']"
UI,CIS120,THE INTERNET,2,"['NI', 'RM']"
UI,CIS140,HELP DESK CONCEPTS AND CUSTOMER SERVICE,2,"['NI', 'RM']"
UI,CIS207,PC TROUBLSHOOTING AND REPAIR,2,"['NI', 'RM']"
UI,CIS210,PRINCIPLES OF INFORMATION SECURITY,2,"['NI', 'RM']"
UI,CIS213,WORD I,2,"['NI', 'RI']"
UI,MAT146,BRIEF CALCULUS WITH APPLICATIONS,2,"['NI', 'RI']"
UI,MAT161,CALCULUS AND ANALYTIC GEOMETRY I,2,"['MO', 'RI']"
UI,MAT162,CALCULUS AND ANALYTIC GEOMETRY II,2,"['MO', 'RI']"
UI,MAT280,PROJECTS IN MATHEMATICS,2,"['NI', 'RI']"
UI,CIS100,INTRODUCTION TO COMPUTER APPLICATIONS,1,['NI']
UI,CIS103,WINDOWS OPERATING SYSTEMS,1,['NI']
UI,CIS106,JAVA PROGRAMMING,1,['NI']
UI,CIS108,INTRO TO MEDICAL INFORMATICS,1,['RI']
UI,CIS110,COMPUTER LITERACY,1,['NI']
UI,CIS112,MOBILE COMPUTING,1,['RI']
UI,CIS113,WORD I,1,['NI']
UI,CIS115,EXCEL I,1,['NI']
UI,CIS116,ACCESS,1,['NI']
UI,CIS117,POWERPOINT,1,['NI']
UI,CIS121,HTML,1,['NI']
UI,CIS122,WEB PAGE DEVELOPMENT,1,['NI']
UI,CIS124,WEB AND MULTIMEDIA,1,['NI']
UI,CIS126,E-COMMERCE FUNDAMENTALS,1,['NI']
UI,CIS130,INTRODUCTORY VISUAL BASIC,1,['NI']
UI,CIS132,INTERMEDIATE VISUAL BASIC,1,['NI']
UI,CIS201,APPLICATIONS DEVELOPMENT II,1,['NI']
UI,CIS204,DATA BASE MAMAGEMENT,1,['NI']
UI,CIS205,DATA COMMUNICATIONS AND NETWORKS,1,['NI']
UI,CIS211,APPLIED SOFTWARE DEVELOPMENT PROJECT,1,['NI']
UI,MAT113,MATH APPLICATIONS,1,['NI']
UI,MAT117,AN INTRODUCTION TO MATHEMATICAL IDEAS,1,['NI']
UI,MAT125,SURVEY OF SPECIAL TOPICS IN MATHEMATICS,1,['NI']
UI,MAT126,MATHEMATICS FOR MANAGEMENT AND SOCIAL SCIENCES,1,['NI']
UI,MAT128,BASIC PROGRAMMING AND APPLICATIONS,1,['NI']
UI,MAT130,WOMEN IN MATHEMATICS AND SCIENCE,1,['NI']
UI,MAT144,ELEMENTARY MATHEMATICAL ANALYSIS II,1,['NI']
UI,MAT148,INTRODUCTION TO GRAPHICS CALCULATORS/DERIVE,1,['NI']
UI,MAT230,WOMEN IN MATHEMATICS AND SCIENCE,1,['NI']
UI,MAT246,BUSINESS STATISTICAL ANALYSIS,1,['NI']
UI,MAT248,PROBABILITY AND STATISTICS,1,['MO']
UI,MAT266,SURVEY OF MODERN MATHEMATICS,1,['NI']
WA,MAT025,MATH REVIEW (HRD),10,"['CE', 'FD', 'FM', 'KE', 'MO', 'NI', 'NU', 'RI', 'RM', 'RO']"
WA,MAT032,MATHEMATICS/INDUSTRY,10,"['CE', 'FD', 'FM', 'KE', 'MO', 'NI', 'NU', 'RI', 'RM', 'RO']"
WA,MAT050,BASIC MATH,10,"['CE', 'FD', 'FM', 'KE', 'MO', 'NI', 'NU', 'RI', 'RM', 'RO']"
WA,MAT061,HIGH SCHOOL TRIGONOMETRY,10,"['CE', 'FD', 'FM', 'KE', 'MO', 'NI', 'NU', 'RI', 'RM', 'RO']"
WA,MAT051,INTRODUCTORY ALGEBRA,9,"['CE', 'FD', 'FM', 'KE', 'MO', 'NI', 'NU', 'RI', 'RO']"
WA,MAT052,INTERMEDIATE ALGEBRA,9,"['CE', 'FD', 'FM', 'KE', 'MO', 'NI', 'NU', 'RI', 'RO']"
WA,MAT101,ELEMENTARY ALGEBRA I,9,"['FD', 'FM', 'KE', 'MO', 'NI', 'NU', 'RI', 'RM', 'RO']"
WA,MAT102,ELEMENTARY ALGEBRA II,9,"['FD', 'FM', 'KE', 'MO', 'NI', 'NU', 'RI', 'RM', 'RO']"
WA,MAT156,COLLEGE ALGEBRA I,9,"['FD', 'FM', 'KE', 'MO', 'NI', 'NU', 'RI', 'RM', 'RO']"
WA,MAT157,COLLEGE ALGEBRA II,9,"['FD', 'FM', 'KE', 'MO', 'NI', 'NU', 'RI', 'RM', 'RO']"
WA,MAT054,BASIC ALGEBRA,8,"['CE', 'FD', 'FM', 'KE', 'NI', 'NU', 'RI', 'RO']"
WA,MAT053,INTRODUCTORY AND INTERMEDIATE ALGEBRA,7,"['FD', 'FM', 'MO', 'NI', 'NU', 'RI', 'RO']"
WA,MAT158,ALGEBRA AND TRIGONOMETRY I,5,"['KE', 'MO', 'NI', 'NU', 'RI']"
WA,MAT159,ALGEBRA AND TRIGONOMETRY II,5,"['KE', 'MO', 'NI', 'NU', 'RI']"
WA,MAT129,MATH ANALYSIS FOR BUSINESS AND ECONOMICS,4,"['MO', 'NI', 'NU', 'RI']"
WA,MAT160,PRE-CALCULUS,4,"['MO', 'NI', 'NU', 'RI']"
WA,MAT204,DIFFERENTIAL EQUATIONS,4,"['KE', 'MO', 'NU', 'RI']"
WA,MAT219,STATISTICS,4,"['MO', 'NI', 'NU', 'RI']"
WA,MAT262,CALCULUS II,3,"['MO', 'NU', 'RI']"
WA,MAT104,TECHNICAL MATH,2,"['KE', 'NI']"
WA,MAT111,MATH ANALYSIS FOR BUSINESS AND ECONOMICS,2,"['NI', 'RI']"
WA,MAT110,TOPICS OF MATHEMATICS,1,['NI']
WA,MAT131,COLLEGE ALGEBRA,1,['NI']
WA,MAT141,PRE-CALCULUS,1,['NI']
